Picture,,,,,,,,,,,,,,,,,,,,,,
University of Nebraska-Lincoln,,,,,,,,,,,,,,,,,,,,,,
Spring 2025 Community Scorecard,,,,,,,,,,,,,,,,,,,,,,
Council,Chapter,Total # of Members Spring 2025 (includes NMs),# New Members Initiated Spring 2025,Retention of Active Members,Retention of New Members,Chapter GPA Spring 2025,GPA - Community Rank,GPA - Council Rank,Asian/P.I,Black/African American,"Latin(o,a,x,e)",Multiracial,Native American,International Students,Undisclosed,White,1st to 2nd Year Chapter Retention,% 4 Year Graduation Rate,% 6 Year Graduation Rate,Completed Spring 2025 Semester Report,UNL FSL Awards,       Conduct Standing with UNL
IFC,Acacia,36,3,100%,60%,3.344,28,11,0.0%,0.0%,9.4%,0.0%,0.0%,0.0%,0.0%,87.5%,81.8%,44.4%,53.8%,x,,"Probation until May 24, 2027
Social Restriction until September 7, 2026"
IFC,Alpha Gamma Rho,101,4,99%,100%,3.259,36,17,0.0%,0.0%,1.3%,0.0%,0.0%,0.0%,0.0%,98.7%,100.0%,72.0%,75.9%,x,,
IFC,Alpha Gamma Sigma,85,0,92%,N/A,3.458,18,5,0.0%,0.0%,1.3%,1.3%,0.0%,0.0%,0.0%,97.4%,91.2%,71.0%,87.0%,x,,"Probation until May 17, 2026"
IFC,Alpha Tau Omega,125,4,98%,100%,3.370,26,10,0.9%,1.8%,2.7%,1.8%,0.0%,0.0%,0.9%,92.0%,92.9%,65.8%,66.7%,x,,"Probation until November 4, 2025"
IFC,Beta Sigma Psi,15,1,100%,N/A,3.313,31,14,0.0%,0.0%,0.0%,0.0%,0.0%,0.0%,0.0%,100.0%,100.0%,75.0%,100.0%,,,
IFC,Beta Theta Pi,122,0,98%,N/A,3.624,7,3,1.0%,1.0%,1.0%,5.9%,0.0%,0.0%,1.0%,87.1%,100.0%,75.9%,79.3%,x,3,"Probation until October 28, 2026
Social Restriction until April 1, 2026"
IFC,Chi Phi,14,2,92%,100%,3.019,45,22,0.0%,0.0%,8.3%,8.3%,0.0%,16.7%,0.0%,66.7%,100.0%,100.0%,57.1%,x,,
IFC,Delta Tau Delta,122,8,98%,67%,3.300,32,15,1.8%,0.9%,7.0%,2.6%,0.9%,0.0%,0.9%,86.0%,91.3%,56.5%,64.5%,x,,"Loss of Recognition until at least August 29, 2029"
IFC,Delta Upsilon,81,6,99%,100%,3.290,34,16,4.9%,2.5%,8.6%,2.5%,0.0%,0.0%,1.2%,80.3%,90.3%,51.7%,64.4%,x,,"Probation until February 11, 2028"
IFC,Farmhouse,109,4,99%,100%,3.722,2,1,0.0%,0.0%,0.0%,0.0%,0.0%,0.0%,0.0%,100.0%,96.6%,74.2%,90.6%,x,3,
IFC,Kappa Sigma,58,13,94%,87%,2.919,48,23,0.0%,1.8%,23.6%,1.8%,0.0%,1.8%,1.8%,69.1%,94.4%,56.1%,70.6%,x,,
IFC,Lambda Chi Alpha,27,7,83%,100%,3.378,24,9,7.1%,0.0%,3.6%,3.6%,3.6%,0.0%,3.6%,78.6%,100.0%,N/A,N/A,,,
IFC,Phi Delta Theta,142,4,94%,57%,3.339,29,12,1.7%,0.9%,0.9%,3.5%,0.0%,0.0%,0.0%,93.0%,86.5%,52.9%,69.0%,x,1,"Probation until May 25, 2027
Social Restriction until October 7, 2026"
IFC,Phi Kappa Psi,46,5,98%,71%,3.211,39,18,7.7%,5.1%,2.6%,0.0%,0.0%,2.6%,2.6%,79.5%,94.4%,26.3%,75.0%,x,,"Probation until November 18, 2026"
IFC,Phi Kappa Theta,88,4,100%,44%,3.383,23,8,2.7%,0.0%,5.5%,1.4%,0.0%,0.0%,4.1%,86.3%,90.3%,63.0%,72.4%,x,,
IFC,Pi Kappa Alpha,146,14,98%,74%,3.548,13,4,4.0%,3.2%,6.5%,5.7%,0.8%,0.8%,0.0%,79.0%,89.6%,80.4%,85.4%,x,1,
IFC,Pi Kappa Phi,56,5,86%,83%,2.684,52,25,3.9%,0.0%,1.9%,1.9%,0.0%,1.9%,1.9%,88.5%,85.7%,50.0%,81.0%,,,"Loss of Recognition until at least August 29, 2029"
IFC,Sigma Alpha Epsilon,130,3,97%,100%,3.394,22,7,0.0%,0.0%,2.8%,3.7%,0.0%,0.0%,0.0%,93.6%,97.3%,71.8%,82.2%,x,1,"Probation until October 28, 2026
Social Restriction until April 1, 2026"
IFC,Sigma Alpha Mu,16,3,100%,N/A,3.207,40,19,0.0%,0.0%,0.0%,10.0%,0.0%,0.0%,0.0%,90.0%,100.0%,80.0%,100.0%,,,
IFC,Sigma Chi,110,6,94%,75%,3.433,19,6,0.0%,0.0%,6.4%,2.7%,0.0%,0.0%,0.0%,90.9%,91.2%,51.9%,70.0%,x,,"Probation until September 26, 2026"
IFC,Sigma Phi Epsilon,147,0,99%,N/A,3.684,3,2,0.0%,0.0%,4.2%,2.5%,0.0%,0.0%,0.0%,10.0%,97.9%,82.4%,82.4%,x,2,
IFC,Theta Chi,34,11,100%,100%,3.088,42,20,3.6%,0.0%,7.1%,0.0%,0.0%,0.0%,0.0%,89.3%,77.8%,N/A,100.0%,,,"Probation until November 12, 2026"
IFC,Theta Xi,48,3,98%,75%,3.053,44,21,2.4%,0.0%,9.8%,0.0%,0.0%,2.4%,4.9%,80.5%,81.8%,41.9%,78.9%,x,,
IFC,Triangle,24,5,95%,100%,2.706,51,24,0.0%,0.0%,9.5%,0.0%,4.8%,0.0%,0.0%,85.7%,81.8%,20.0%,42.9%,x,,
MGC,"Delta Phi Lambda Sorority, Inc.",20,3,100%,100%,3.294,33,4,87.5%,0.0%,0.0%,0.0%,0.0%,12.5%,0.0%,0.0%,100.0%,80.0%,100.0%,x,2,
MGC,"Delta Xi Nu Multicultural Sorority, Inc.",13,1,80%,33%,3.267,35,5,9.1%,27.3%,45.5%,0.0%,0.0%,0.0%,9.1%,9.1%,100.0%,42.9%,100.0%,x,,
MGC,"Kappa Delta Chi Sorority, Inc.",27,7,100%,88%,2.974,46,7,3.7%,0.0%,88.9%,0.0%,0.0%,3.7%,0.0%,3.4%,100.0%,55.6%,100.0%,x,,
MGC,"Lambda Phi Epsilon International Fraternity, Inc.",21,3,100%,100%,3.159,41,6,70.0%,0.0%,5.0%,10.0%,0.0%,0.0%,5.0%,10.0%,100.0%,66.7%,81.3%,x,1,
MGC,"Lambda Theta Nu Sorority, Inc.",16,1,100%,100%,2.863,49,8,0.0%,0.0%,93.8%,0.0%,0.0%,0.0%,0.0%,6.3%,75.0%,N/A,85.7%,x,,
MGC,"Omega Delta Phi Fraternity, Inc. ",11,3,100%,60%,2.707,50,9,0.0%,0.0%,100.0%,0.0%,0.0%,0.0%,0.0%,0.0%,100.0%,100.0%,60.0%,,,
MGC,"Sigma Lambda Beta International Fraternity, Inc.",15,0,88%,N/A,3.420,21,3,0.0%,0.0%,100.0%,0.0%,0.0%,0.0%,0.0%,0.0%,100.0%,N/A,71.4%,x,,
MGC,"Sigma Lambda Gamma National Sorority, Inc. ",10,1,100%,100%,3.427,20,2,0.0%,0.0%,100.0%,0.0%,0.0%,0.0%,0.0%,0.0%,100.0%,N/A,N/A,,,
MGC,"Sigma Psi Zeta Sorority, Inc.",15,2,100%,100%,3.462,17,1,80.0%,0.0%,10.0%,0.0%,0.0%,10.0%,0.0%,0.0%,100.0%,N/A,75.0%,x,3,
NPHC,"Delta Sigma Theta Sorority, Inc.",7,1,100%,100%,3.080,43,1,0.0%,71.4%,14.3%,14.3%,0.0%,0.0%,0.0%,0.0%,100.0%,N/A,100.0%,,,
NPHC,"Kappa Alpha Psi Fraternity, Inc.",7,3,100%,100%,2.955,47,2,0.0%,85.7%,14.3%,0.0%,0.0%,0.0%,0.0%,0.0%,N/A,N/A,100.0%,,,
NPHC,"Sigma Gamma Rho Sorority, Inc. ",4,0,100%,N/A,N/A,N/A,N/A,0.0%,75.0%,0.0%,25.0%,0.0%,0.0%,0.0%,0.0%,100.0%,N/A,N/A,x,,
NPHC,"Zeta Phi Beta Sorority, Inc. ",2,2,N/A,100%,N/A,N/A,N/A,0.0%,0.0%,0.0%,100.0%,0.0%,0.0%,0.0%,0.0%,N/A,N/A,N/A,,,
PHA,Alpha Chi Omega,174,9,98%,100%,3.492,14,10,0.0%,0.6%,8.0%,4.9%,0.0%,0.0%,0.6%,85.8%,89.1%,59.4%,60.9%,x,1,
PHA,Alpha Omega Epsilon,36,15,100%,100%,3.240,38,16,5.7%,0.0%,14.3%,0.0%,0.0%,0.0%,2.9%,97.4%,100.0%,N/A,N/A,x,,
PHA,Alpha Omicron Pi,165,13,94%,93%,3.367,27,14,3.0%,0.8%,9.0%,3.0%,0.0%,0.0%,0.0%,84.2%,95.2%,69.4%,75.0%,x,1,
PHA,Alpha Phi,176,7,98%,100%,3.604,8,5,0.0%,0.0%,5.9%,2.2%,0.0%,0.0%,0.7%,91.2%,89.6%,70.4%,72.5%,x,4,
PHA,Alpha Xi Delta,169,11,98%,100%,3.477,16,12,4.7%,0.0%,4.1%,3.6%,1.2%,0.6%,0.6%,85.2%,89.6%,62.3%,74.5%,x,,"Probation until April 28, 2026"
PHA,Chi Omega,176,3,98%,100%,3.784,1,1,0.0%,0.0%,1.6%,3.2%,0.0%,0.0%,0.8%,94.4%,98.1%,78.0%,86.0%,x,,
PHA,Delta Delta Delta,155,17,93%,100%,3.376,25,13,1.3%,1.3%,9.8%,3.3%,0.0%,0.0%,0.7%,83.7%,91.1%,54.8%,75.0%,x,,
PHA,Delta Gamma,176,5,100%,100%,3.577,10,7,0.0%,0.0%,4.6%,2.3%,0.0%,0.0%,0.8%,92.3%,94.1%,76.0%,81.1%,x,,"Probation until January 26, 2026"
PHA,Gamma Phi Beta,172,7,98%,100%,3.668,4,2,0.0%,0.8%,6.8%,2.3%,0.0%,0.0%,0.0%,90.2%,98.3%,83.3%,84.3%,x,,
PHA,Kappa Alpha Theta,159,0,100%,N/A,3.666,5,3,0.0%,0.0%,0.8%,1.6%,0.0%,0.0%,0.0%,97.6%,95.7%,79.2%,69.4%,x,1,"Probation until April 10, 2026"
PHA,Kappa Delta,174,9,99%,100%,3.648,6,4,2.1%,0.7%,6.4%,5.7%,0.0%,0.0%,0.0%,85.0%,98.5%,76.9%,80.3%,x,,
PHA,Kappa Kappa Gamma,172,0,99%,N/A,3.584,9,6,0.0%,0.0%,3.6%,2.2%,0.0%,0.0%,1.4%,92.8%,89.8%,74.5%,74.5%,x,2,
PHA,Phi Mu,87,9,98%,100%,3.241,37,15,1.4%,0.0%,8.2%,2.7%,0.0%,0.0%,2.7%,84.9%,89.2%,63.4%,69.7%,x,2,
PHA,Pi Alpha Chi,22,0,100%,N/A,3.568,11,8,12.5%,0.0%,18.8%,0.0%,0.0%,0.0%,0.0%,68.8%,87.5%,52.9%,83.3%,x,,
PHA,Pi Beta Phi,174,13,99%,100%,3.554,12,9,1.4%,1.4%,4.8%,3.4%,0.0%,0.0%,0.7%,88.4%,97.0%,67.6%,60.7%,x,,
PHA,Sigma Alpha,68,13,100%,100%,3.492,14,10,0.0%,0.0%,5.0%,1.7%,0.0%,0.0%,0.0%,93.3%,100.0%,63.6%,88.9%,x,,
,,,,,,,,,,,,,,,,,,,,,,
Chapter membership information is based on late spring roster update day information. ,,,,,,,,,,,,,,,,,,,,,,
GPAs are not disclosed for chapters with less than 5 members to protect the privacy of its members.,,,,,,,,,,,,,,,,,,,,,,
