Picture,,,,,,,,,,,,,,,,,,,,,
University of Nebraska-Lincoln,,,,,,,,,,,,,,,,,,,,,
Fall 2025 Community Scorecard,,,,,,,,,,,,,,,,,,,,,
Council,Chapter,Total # of Members Fall 2025 (includes NMs),# New Members Initiated Fall 2025,Retention of Active Members,Retention of New Members,Chapter GPA Fall2025,GPA - Community Rank,GPA - Council Rank,Asian/P.I,Black/African American,"Latin(o,a,x,e)",Multiracial,Native American,International Students,Undisclosed,White,1st to 2nd Year Chapter Retention,% 4 Year Graduation Rate,Completed Fall 2025 Semester Report,UNL FSL Awards,       Conduct Standing with UNL
IFC,Acacia,34,5,100%,45%,3.314,29,10,0.0%,0.0%,7.7%,2.6%,0.0%,0.0%,2.6%,87.2%,93.3%,31.3%,x,,"Probation until May 24, 2027
Social Restriction until September 7, 2026"
IFC,Alpha Gamma Rho,95,25,99%,96%,3.444,20,7,0.0%,0.0%,3.0%,0.0%,0.0%,0.0%,0.0%,97.0%,88.6%,83.9%,x,,
IFC,Alpha Gamma Sigma,94,37,75%,88%,3.447,19,6,0.0%,0.0%,0.9%,0.9%,0.0%,0.0%,0.0%,98.2%,92.3%,65.0%,x,,"Probation until May 17, 2026"
IFC,Alpha Tau Omega,142,36,96%,88%,3.383,26,8,0.7%,1.3%,3.4%,1.3%,0.0%,0.0%,70.0%,92.6%,97.6%,54.3%,x,,"Probation until November 4, 2025"
IFC,Beta Sigma Psi,15,3,100%,100%,3.309,30,11,0.0%,0.0%,0.0%,0.0%,0.0%,0.0%,0.0%,100.0%,100.0%,75.0%,x,,
IFC,Beta Theta Pi,128,34,100%,97%,3.650,4,2,1.6%,0.80%,4.7%,4.7%,0.8%,0.0%,80.0%,86.8%,97.1%,69.7%,x,3,"Probation until October 28, 2026
Social Restriction until April 1, 2026"
IFC,Chi Phi,13,3,91%,100%,2.903,45,22,0.0%,0.0%,7.1%,0.0%,0.0%,21.4%,0.0%,71.4%,100.0%,81.8%,,,
IFC,Delta Tau Delta,128,29,93%,67%,3.243,34,14,1.4%,2.1%,8.2%,4.1%,0.7%,0.0%,2.1%,81.5%,95.7%,45.8%,x,,"Loss of Recognition until at least August 29, 2029"
IFC,Delta Upsilon,87,26,97%,90%,3.134,38,16,4.3%,2.2%,8.6%,5.4%,0.0%,0.0%,1.1%,78.5%,86.1%,67.9%,,,"Probation until February 11, 2028"
IFC,Farmhouse,113,28,100%,100%,3.653,3,1,0.0%,0.0%,0.0%,0.0%,0.0%,0.0%,0.0%,100.0%,100.0%,87.9%,x,3,
IFC,Kappa Sigma,74,23,102%,82%,2.671,51,25,0.0%,1.1%,18.40%,2.3%,1.1%,1.1%,3.4%,72.4%,87.2%,54.5%,,,"Probation and alcohol-free events until October 23, 2026."
IFC,Lambda Chi Alpha,38,13,96%,68%,3.052,41,18,4.3%,0.0%,6.5%,2.2%,2.2%,0.0%,4.3%,80.4%,96.9%,N/A,x,,
IFC,Phi Delta Theta,138,34,95%,83%,3.191,37,15,1.4%,0.7%,1.4%,3.4%,0.0%,0.0%,0.0%,93.2%,87.0%,68.2%,x,1,"Probation until May 25, 2027
Social Restriction until October  7, 2026"
IFC,Phi Gamma Delta,15,15,N/A,94%,3.101,39,17,6.3%,0.0%,6.3%,6.3%,0.0%,6.3%,0.0%,75.0%,100.0%,N/A,N/A,,
IFC,Phi Kappa Psi,42,6,97%,60%,2.929,43,20,6.5%,4.3%,4.3%,2.2%,0.0%,0.0%,4.3%,78.3%,83.3%,38.9%,x,,"Probation until November 18, 2026"
IFC,Phi Kappa Theta,95,31,100%,100%,3.458,18,5,2.0%,0.0%,5.1%,0.0%,0.0%,0.0%,4.1%,88.8%,94.6%,76.0%,x,,
IFC,Pi Kappa Alpha,153,38,99%,83%,3.556,13,4,3.8%,2.5%,6.3%,7.5%,0.6%,60.0%,0.0%,78.8%,95.8%,73.8%,x,1,
IFC,Pi Kappa Phi,36,7,88%,100%,2.844,47,23,3.8%,1.9%,7.5%,3.8%,0.0%,1.9%,1.9%,79.2%,80.0%,37.0%,x,,"Loss of Recognition until at least August 29, 2029"
IFC,Sigma Alpha Epsilon,146,41,99%,98%,3.286,32,13,0.0%,0.7%,2.1%,2.8%,0.0%,0.0%,0.0%,94.4%,91.7%,70.0%,x,1,"Probation until October 28, 2026
Social Restriction until April 1, 2026"
IFC,Sigma Alpha Mu,12,2,91%,100%,3.332,28,9,0.0%,0.0%,8.3%,8.3%,0.0%,0.0%,0.0%,83.3%,100.0%,80.0%,x,,
IFC,Sigma Chi,120,41,100%,95%,3.288,31,12,0.0%,0.0%,5.5%,3.9%,0.0%,0.0%,0.0%,90.6%,95.3%,63.4%,x,,
IFC,Sigma Phi Epsilon,160,45,98%,98%,3.606,6,3,0.0%,0.0%,3.7%,2.5%,0.0%,0.0%,0.0%,93.8%,97.3%,73.7%,x,2,
IFC,Theta Chi,33,9,86%,90%,2.922,44,21,5.7%,0.0%,2.9%,2.9%,0.0%,0.0%,0.0%,88.6%,100.0%,33.3%,,,
IFC,Theta Xi,44,12,94%,92%,3.033,42,19,4.2%,0.0%,8.3%,2.2%,0.0%,2.1%,4.2%,79.2%,93.3%,58.8%,x,,
IFC,Triangle,25,8,94%,100%,2.782,48,24,3.8%,0.0%,15.4%,3.8%,3.8%,0.0%,0.0%,73.1%,71.4%,37.5%,x,,
MGC,"Delta Phi Lambda Sorority, Inc.",16,2,88%,67%,2.862,46,7,86.7%,0.0%,0.0%,0.0%,0.0%,13.3%,0.0%,0.0%,100.0%,87.5%,x,2,
MGC,"Delta Xi Nu Multicultural Sorority, Inc.",14,2,92%,100%,3.217,36,5,14.3%,28.6%,42.9%,0.0%,0.0%,0.0%,7.1%,7.1%,100.0%,44.4%,x,,
MGC,"Kappa Delta Chi Sorority, Inc.",19,7,86%,100%,3.273,33,4,0.0%,0.0%,100.0%,0.0%,0.0%,0.0%,0.0%,0.0%,100.0%,40.0%,x,,
MGC,"Lambda Phi Epsilon International Fraternity, Inc.",24,4,100%,80%,3.427,21,3,72.0%,0.0%,4.0%,8.0%,0.0%,4.0%,4.0%,8.0%,100.0%,45.5%,,1,
MGC,"Lambda Theta Nu Sorority, Inc.",21,6,115%,67%,3.075,40,6,0.0%,0.0%,94.7%,0.0%,0.0%,0.0%,0.0%,5.3%,100.0%,25.0%,x,,
MGC,"Omega Delta Phi Fraternity, Inc. ",7,0,100%,0%,2.744,50,9,0.0%,0.0%,100.0%,0.0%,0.0%,0.0%,0.0%,0.0%,100.0%,0.0%,x,,
MGC,"Sigma Lambda Beta International Fraternity, Inc.",18,3,100%,100%,2.752,49,8,0.0%,0.0%,100.0%,0.0%,0.0%,0.0%,0.0%,0.0%,100.0%,50.0%,x,,
MGC,"Sigma Lambda Gamma National Sorority, Inc. ",17,7,100%,100%,3.515,15,2,7.7%,0.0%,92.3%,0.0%,0.0%,0.0%,0.0%,0.0%,100.0%,0.0%,x,,
MGC,"Sigma Psi Zeta Sorority, Inc.",6,0,86%,N/A,3.569,11,1,85.7%,0.0%,0.0%,0.0%,0.0%,14.3%,0.0%,0.0%,100.0%,100.0%,x,3,
NPHC,"Delta Sigma Theta Sorority, Inc.",5,0,100%,N/A,3.401,24,1,0.0%,71.4%,14.3%,14.3%,0.0%,0.0%,0.0%,0.0%,N/A,50.0%,x,,
NPHC,"Kappa Alpha Psi Fraternity, Inc.",3,0,100%,N/A,N/A,N/A,N/A,0.0%,85.7%,14.3%,0.0%,0.0%,0.0%,0.0%,0.0%,N/A,75.0%,,,
NPHC,"Sigma Gamma Rho Sorority, Inc. ",3,0,100%,N/A,N/A,N/A,N/A,0.0%,75.0%,0.0%,25.0%,0.0%,0.0%,0.0%,0.0%,N/A,100.0%,,,
NPHC,"Zeta Phi Beta Sorority, Inc. ",2,0,100%,N/A,N/A,N/A,N/A,0.0%,0.0%,0.0%,100.0%,0.0%,0.0%,0.0%,0.0%,N/A,N/A,x,,
PHA,Alpha Chi Omega,192,66,98%,94%,3.353,27,15,1.1%,0.5%,10.7%,4.3%,0.5%,0.0%,1.1%,81.8%,96.4%,50.8%,x,1,
PHA,Alpha Omega Epsilon,43,9,97%,69%,3.416,23,13,6.5%,0.0%,15.2%,2.2%,0.0%,2.2%,2.2%,71.7%,95.8%,0.0%,x,,
PHA,Alpha Omicron Pi,180,67,99%,92%,3.387,25,14,2.7%,1.1%,8.6%,3.7%,0.0%,0.0%,0.0%,84.0%,90.1%,60.0%,x,1,
PHA,Alpha Phi,199,58,99%,95%,3.582,10,7,0.0%,0.0%,4.8%,2.6%,0.5%,0.0%,1.1%,91.0%,94.4%,70.0%,x,4,
PHA,Alpha Xi Delta,191,54,97%,90%,3.426,22,12,4.1%,0.5%,5.7%,4.6%,0.0%,0.0%,1.0%,84.0%,95.1%,63.5%,x,,"Probation until April 28, 2026"
PHA,Chi Omega,192,66,98%,100%,3.758,1,1,50.0%,0.5%,2.1%,3.7%,0.0%,0.0%,0.05%,92.6%,93.9%,89.1%,x,,
PHA,Delta Delta Delta,180,88,99%,91%,3.224,35,16,1.0%,1.0%,9.0%,4.3%,0.0%,0.0%,1.0%,83.6%,88.0%,76.9%,x,,
PHA,Delta Gamma,192,61,98%,100%,3.613,5,3,0.0%,0.0%,2.7%,2.7%,0.0%,0.0%,0.05%,94.1%,100.0%,84.0%,x,,"Probation until January 26, 2026"
PHA,Gamma Phi Beta,191,70,100%,95%,3.670,2,2,0.0%,0.5%,6.2%,1.0%,0.0%,0.0%,0.5%,91.8%,94.4%,71.7%,x,,
PHA,Kappa Alpha Theta,183,56,99%,98%,3.590,9,6,3.6%,0.0%,0.60%,1.8%,0.0%,0.0%,0.0%,97.0%,100.0%,63.8%,x,1,"Probation until April 10, 2026"
PHA,Kappa Delta,185,57,98%,88%,3.593,8,5,0.0%,0.5%,8.3%,5.7%,0.0%,0.0%,1.0%,80.8%,96.4%,78.3%,x,,
PHA,Kappa Kappa Gamma,187,61,93%,97%,3.598,7,4,0.0%,0.0%,4.7%,1.6%,0.0%,0.0%,1.6%,92.2%,96.2%,72.3%,x,2,
PHA,Phi Mu,60,14,94%,93%,3.462,17,11,2.5%,0.0%,7.4%,3.7%,0.0%,0.0%,1.2%,85.2%,92.0%,54.3%,x,2,
PHA,Pi Alpha Chi,23,9,100%,100%,3.544,14,9,8.0%,0.0%,12.0%,0.0%,0.0%,0.0%,4.0%,76.0%,80.0%,80.0%,x,,
PHA,Pi Beta Phi,198,60,100%,92%,3.567,12,8,2.5%,1.0%,5.9%,3.4%,0.0%,0.0%,0.5%,86.7%,91.7%,75.0%,x,,
PHA,Sigma Alpha,68,21,89%,100%,3.512,15,10,0.0%,0.0%,5.1%,1.3%,0.0%,0.0%,1.3%,92.3%,96.7%,66.7%,x,,
,,,,,,,,,,,,,,,,,,,,,
Chapter membership information is based on late spring roster update day information. ,,,,,,,,,,,,,,,,,,,,,
GPAs are not disclosed for chapters with less than 5 members to protect the privacy of its members.,,,,,,,,,,,,,,,,,,,,,
