semester,council,chapter,total_members,new_members,chapter_gpa,community_rank,council_rank,retention_active,retention_new,source_file,notes
Fall 2010,IFC,Theta Xi,40.0,18.0,2.89,,,,,legacy/AE List.xlsx (Cleaned tab) + legacy/GPA Data.xlsx (UNL tab),Chapter records; no UNL report for this semester in the repo
Spring 2011,IFC,Theta Xi,32.0,1.0,2.803,,,,,legacy/AE List.xlsx (Cleaned tab) + legacy/GPA Data.xlsx (UNL tab),Chapter records; no UNL report for this semester in the repo
Fall 2011,IFC,Theta Xi,37.0,14.0,2.66,,,,,legacy/AE List.xlsx (Cleaned tab) + legacy/GPA Data.xlsx (UNL tab),Chapter records; no UNL report for this semester in the repo
Spring 2012,IFC,Theta Xi,32.0,0.0,2.942,,,,,legacy/AE List.xlsx (Cleaned tab) + legacy/GPA Data.xlsx (UNL tab),Chapter records; no UNL report for this semester in the repo
Fall 2012,IFC,Theta Xi,36.0,7.0,2.777,,,,,legacy/AE List.xlsx (Cleaned tab) + legacy/GPA Data.xlsx (UNL tab),Chapter records; no UNL report for this semester in the repo
Spring 2013,IFC,Theta Xi,27.0,2.0,2.775,,,,,legacy/AE List.xlsx (Cleaned tab) + legacy/GPA Data.xlsx (UNL tab),Chapter records; no UNL report for this semester in the repo
Fall 2013,IFC,Theta Xi,29.0,10.0,2.741,,,,,legacy/AE List.xlsx (Cleaned tab) + legacy/GPA Data.xlsx (UNL tab),Chapter records; no UNL report for this semester in the repo
Spring 2014,IFC,Theta Xi,23.0,0.0,3.142,,,,,legacy/AE List.xlsx (Cleaned tab) + legacy/GPA Data.xlsx (UNL tab),Chapter records; no UNL report for this semester in the repo
Fall 2014,IFC,Theta Xi,24.0,6.0,2.85,,,,,legacy/AE List.xlsx (Cleaned tab) + legacy/GPA Data.xlsx (UNL tab),Chapter records; no UNL report for this semester in the repo
Spring 2015,IFC,Theta Xi,23.0,4.0,3.006,,,,,legacy/AE List.xlsx (Cleaned tab) + legacy/GPA Data.xlsx (UNL tab),Chapter records; no UNL report for this semester in the repo
Fall 2015,IFC,Theta Xi,34.0,14.0,2.506,,,,,legacy/AE List.xlsx (Cleaned tab) + legacy/GPA Data.xlsx (UNL tab),Chapter records; no UNL report for this semester in the repo
Spring 2016,IFC,Theta Xi,33.0,2.0,2.874,,,,,legacy/AE List.xlsx (Cleaned tab) + legacy/GPA Data.xlsx (UNL tab),Chapter records; no UNL report for this semester in the repo
Fall 2016,IFC,Theta Xi,38.0,12.0,2.668,,,,,legacy/AE List.xlsx (Cleaned tab) + legacy/GPA Data.xlsx (UNL tab),Chapter records; no UNL report for this semester in the repo
Spring 2017,IFC,Theta Xi,42.0,5.0,2.977,,,,,legacy/AE List.xlsx (Cleaned tab) + legacy/GPA Data.xlsx (UNL tab),Chapter records; no UNL report for this semester in the repo
Fall 2017,IFC,Theta Xi,43.0,10.0,3.081,,,,,legacy/AE List.xlsx (Cleaned tab) + legacy/GPA Data.xlsx (UNL tab),Chapter records; no UNL report for this semester in the repo
Spring 2018,IFC,Theta Xi,48.0,1.0,2.937,,,,,legacy/AE List.xlsx (Cleaned tab) + legacy/GPA Data.xlsx (UNL tab),Chapter records; no UNL report for this semester in the repo
Fall 2018,IFC,Acacia,28.0,12.0,2.946,,,,,source-data/ifc-report-cards/2018-fall-ifc-report-card.pdf,
Fall 2018,IFC,Alpha Gamma Nu,47.0,12.0,2.964,,,,,source-data/ifc-report-cards/2018-fall-ifc-report-card.pdf,
Fall 2018,IFC,Alpha Gamma Rho,96.0,31.0,3.121,,,,,source-data/ifc-report-cards/2018-fall-ifc-report-card.pdf,
Fall 2018,IFC,Alpha Gamma Sigma,83.0,23.0,3.057,,,,,source-data/ifc-report-cards/2018-fall-ifc-report-card.pdf,
Fall 2018,IFC,Alpha Tau Omega,71.0,32.0,3.074,,,,,source-data/ifc-report-cards/2018-fall-ifc-report-card.pdf,
Fall 2018,IFC,Beta Sigma Psi,23.0,6.0,3.327,,,,,source-data/ifc-report-cards/2018-fall-ifc-report-card.pdf,
Fall 2018,IFC,Beta Theta Pi,112.0,32.0,3.426,,,,,source-data/ifc-report-cards/2018-fall-ifc-report-card.pdf,
Fall 2018,IFC,Chi Phi,15.0,3.0,2.742,,,,,source-data/ifc-report-cards/2018-fall-ifc-report-card.pdf,
Fall 2018,IFC,Delta Tau Delta,,,,,,,,source-data/ifc-report-cards/2018-fall-ifc-report-card.pdf,all membership/GPA metrics N/A in PDF
Fall 2018,IFC,Delta Upsilon,113.0,41.0,3.153,,,,,source-data/ifc-report-cards/2018-fall-ifc-report-card.pdf,
Fall 2018,IFC,Farmhouse,95.0,28.0,3.508,,,,,source-data/ifc-report-cards/2018-fall-ifc-report-card.pdf,
Fall 2018,IFC,Kappa Sigma,61.0,9.0,2.677,,,,,source-data/ifc-report-cards/2018-fall-ifc-report-card.pdf,
Fall 2018,IFC,Phi Delta Theta,114.0,33.0,3.292,,,,,source-data/ifc-report-cards/2018-fall-ifc-report-card.pdf,
Fall 2018,IFC,Phi Gamma Delta,,,,,,,,source-data/ifc-report-cards/2018-fall-ifc-report-card.pdf,all membership/GPA metrics N/A in PDF
Fall 2018,IFC,Phi Kappa Psi,31.0,15.0,3.043,,,,,source-data/ifc-report-cards/2018-fall-ifc-report-card.pdf,
Fall 2018,IFC,Phi Kappa Theta,77.0,27.0,3.255,,,,,source-data/ifc-report-cards/2018-fall-ifc-report-card.pdf,
Fall 2018,IFC,Pi Kappa Alpha,111.0,24.0,3.387,,,,,source-data/ifc-report-cards/2018-fall-ifc-report-card.pdf,
Fall 2018,IFC,Pi Kappa Phi,56.0,11.0,3.149,,,,,source-data/ifc-report-cards/2018-fall-ifc-report-card.pdf,
Fall 2018,IFC,Sigma Alpha Epsilon,128.0,33.0,2.983,,,,,source-data/ifc-report-cards/2018-fall-ifc-report-card.pdf,
Fall 2018,IFC,Sigma Alpha Mu,12.0,4.0,3.162,,,,,source-data/ifc-report-cards/2018-fall-ifc-report-card.pdf,
Fall 2018,IFC,Sigma Chi,76.0,23.0,3.15,,,,,source-data/ifc-report-cards/2018-fall-ifc-report-card.pdf,
Fall 2018,IFC,Sigma Nu,36.0,10.0,2.927,,,,,source-data/ifc-report-cards/2018-fall-ifc-report-card.pdf,
Fall 2018,IFC,Sigma Phi Epsilon,130.0,43.0,3.437,,,,,source-data/ifc-report-cards/2018-fall-ifc-report-card.pdf,
Fall 2018,IFC,Tau Kappa Epsilon,28.0,1.0,2.941,,,,,source-data/ifc-report-cards/2018-fall-ifc-report-card.pdf,
Fall 2018,IFC,Theta Chi,18.0,0.0,2.489,,,,,source-data/ifc-report-cards/2018-fall-ifc-report-card.pdf,
Fall 2018,IFC,Theta Xi,62.0,22.0,2.733,,,,,source-data/ifc-report-cards/2018-fall-ifc-report-card.pdf,
Fall 2018,IFC,Triangle,18.0,11.0,2.898,,,,,source-data/ifc-report-cards/2018-fall-ifc-report-card.pdf,
Spring 2019,IFC,Acacia,23.0,3.0,3.041,,,,,source-data/ifc-report-cards/2019-spring-ifc-report-card.pdf,
Spring 2019,IFC,Alpha Gamma Nu,37.0,3.0,3.013,,,,,source-data/ifc-report-cards/2019-spring-ifc-report-card.pdf,
Spring 2019,IFC,Alpha Gamma Rho,90.0,0.0,3.07,,,,,source-data/ifc-report-cards/2019-spring-ifc-report-card.pdf,
Spring 2019,IFC,Alpha Gamma Sigma,76.0,0.0,3.229,,,,,source-data/ifc-report-cards/2019-spring-ifc-report-card.pdf,
Spring 2019,IFC,Alpha Tau Omega,77.0,10.0,3.108,,,,,source-data/ifc-report-cards/2019-spring-ifc-report-card.pdf,
Spring 2019,IFC,Beta Sigma Psi,18.0,0.0,3.291,,,,,source-data/ifc-report-cards/2019-spring-ifc-report-card.pdf,
Spring 2019,IFC,Beta Theta Pi,106.0,0.0,3.463,,,,,source-data/ifc-report-cards/2019-spring-ifc-report-card.pdf,
Spring 2019,IFC,Chi Phi,15.0,0.0,2.772,,,,,source-data/ifc-report-cards/2019-spring-ifc-report-card.pdf,
Spring 2019,IFC,Delta Tau Delta,,,,,,,,source-data/ifc-report-cards/2019-spring-ifc-report-card.pdf,member count cell blank; other membership/GPA metrics N/A (suspended)
Spring 2019,IFC,Delta Upsilon,105.0,1.0,3.147,,,,,source-data/ifc-report-cards/2019-spring-ifc-report-card.pdf,
Spring 2019,IFC,Farmhouse,90.0,0.0,3.466,,,,,source-data/ifc-report-cards/2019-spring-ifc-report-card.pdf,
Spring 2019,IFC,Kappa Sigma,57.0,7.0,2.806,,,,,source-data/ifc-report-cards/2019-spring-ifc-report-card.pdf,
Spring 2019,IFC,Phi Delta Theta,112.0,1.0,3.256,,,,,source-data/ifc-report-cards/2019-spring-ifc-report-card.pdf,
Spring 2019,IFC,Phi Gamma Delta,,,,,,,,source-data/ifc-report-cards/2019-spring-ifc-report-card.pdf,all membership/GPA metrics N/A in PDF
Spring 2019,IFC,Phi Kappa Psi,34.0,3.0,2.936,,,,,source-data/ifc-report-cards/2019-spring-ifc-report-card.pdf,
Spring 2019,IFC,Phi Kappa Theta,76.0,0.0,3.42,,,,,source-data/ifc-report-cards/2019-spring-ifc-report-card.pdf,
Spring 2019,IFC,Pi Kappa Alpha,132.0,21.0,3.355,,,,,source-data/ifc-report-cards/2019-spring-ifc-report-card.pdf,
Spring 2019,IFC,Pi Kappa Phi,55.0,2.0,3.05,,,,,source-data/ifc-report-cards/2019-spring-ifc-report-card.pdf,
Spring 2019,IFC,Sigma Alpha Epsilon,130.0,0.0,3.007,,,,,source-data/ifc-report-cards/2019-spring-ifc-report-card.pdf,
Spring 2019,IFC,Sigma Alpha Mu,12.0,0.0,3.114,,,,,source-data/ifc-report-cards/2019-spring-ifc-report-card.pdf,
Spring 2019,IFC,Sigma Chi,82.0,4.0,2.935,,,,,source-data/ifc-report-cards/2019-spring-ifc-report-card.pdf,
Spring 2019,IFC,Sigma Nu,37.0,2.0,3.012,,,,,source-data/ifc-report-cards/2019-spring-ifc-report-card.pdf,
Spring 2019,IFC,Sigma Phi Epsilon,122.0,0.0,3.333,,,,,source-data/ifc-report-cards/2019-spring-ifc-report-card.pdf,
Spring 2019,IFC,Tau Kappa Epsilon,27.0,2.0,3.012,,,,,source-data/ifc-report-cards/2019-spring-ifc-report-card.pdf,
Spring 2019,IFC,Theta Chi,6.0,0.0,,,,,,source-data/ifc-report-cards/2019-spring-ifc-report-card.pdf,
Spring 2019,IFC,Theta Xi,64.0,9.0,2.919,,,,,source-data/ifc-report-cards/2019-spring-ifc-report-card.pdf,
Spring 2019,IFC,Triangle,18.0,0.0,2.695,,,,,source-data/ifc-report-cards/2019-spring-ifc-report-card.pdf,
Fall 2019,IFC,Acacia,33.0,14.0,2.62,,,,,source-data/ifc-report-cards/2019-fall-ifc-report-card.pdf,
Fall 2019,IFC,Alpha Gamma Nu,29.0,4.0,3.231,,,,,source-data/ifc-report-cards/2019-fall-ifc-report-card.pdf,
Fall 2019,IFC,Alpha Gamma Rho,98.0,27.0,2.922,,,,,source-data/ifc-report-cards/2019-fall-ifc-report-card.pdf,
Fall 2019,IFC,Alpha Gamma Sigma,83.0,26.0,3.223,,,,,source-data/ifc-report-cards/2019-fall-ifc-report-card.pdf,
Fall 2019,IFC,Alpha Tau Omega,108.0,35.0,3.057,,,,,source-data/ifc-report-cards/2019-fall-ifc-report-card.pdf,
Fall 2019,IFC,Beta Sigma Psi,17.0,5.0,3.285,,,,,source-data/ifc-report-cards/2019-fall-ifc-report-card.pdf,
Fall 2019,IFC,Beta Theta Pi,108.0,30.0,3.442,,,,,source-data/ifc-report-cards/2019-fall-ifc-report-card.pdf,
Fall 2019,IFC,Chi Phi,11.0,0.0,3.336,,,,,source-data/ifc-report-cards/2019-fall-ifc-report-card.pdf,
Fall 2019,IFC,Delta Tau Delta,83.0,21.0,3.075,,,,,source-data/ifc-report-cards/2019-fall-ifc-report-card.pdf,
Fall 2019,IFC,Delta Upsilon,101.0,30.0,3.189,,,,,source-data/ifc-report-cards/2019-fall-ifc-report-card.pdf,
Fall 2019,IFC,Farmhouse,101.0,29.0,3.546,,,,,source-data/ifc-report-cards/2019-fall-ifc-report-card.pdf,
Fall 2019,IFC,Kappa Sigma,65.0,24.0,2.741,,,,,source-data/ifc-report-cards/2019-fall-ifc-report-card.pdf,
Fall 2019,IFC,Phi Delta Theta,125.0,44.0,3.245,,,,,source-data/ifc-report-cards/2019-fall-ifc-report-card.pdf,
Fall 2019,IFC,Phi Gamma Delta,99.0,33.0,2.832,,,,,source-data/ifc-report-cards/2019-fall-ifc-report-card.pdf,
Fall 2019,IFC,Phi Kappa Psi,51.0,17.0,2.868,,,,,source-data/ifc-report-cards/2019-fall-ifc-report-card.pdf,
Fall 2019,IFC,Phi Kappa Theta,84.0,26.0,3.419,,,,,source-data/ifc-report-cards/2019-fall-ifc-report-card.pdf,
Fall 2019,IFC,Pi Kappa Alpha,137.0,35.0,3.457,,,,,source-data/ifc-report-cards/2019-fall-ifc-report-card.pdf,
Fall 2019,IFC,Pi Kappa Phi,66.0,18.0,3.02,,,,,source-data/ifc-report-cards/2019-fall-ifc-report-card.pdf,
Fall 2019,IFC,Sigma Alpha Epsilon,129.0,38.0,3.084,,,,,source-data/ifc-report-cards/2019-fall-ifc-report-card.pdf,
Fall 2019,IFC,Sigma Alpha Mu,12.0,3.0,2.941,,,,,source-data/ifc-report-cards/2019-fall-ifc-report-card.pdf,
Fall 2019,IFC,Sigma Chi,87.0,30.0,3.041,,,,,source-data/ifc-report-cards/2019-fall-ifc-report-card.pdf,
Fall 2019,IFC,Sigma Nu,45.0,13.0,2.922,,,,,source-data/ifc-report-cards/2019-fall-ifc-report-card.pdf,
Fall 2019,IFC,Sigma Phi Epsilon,134.0,39.0,3.345,,,,,source-data/ifc-report-cards/2019-fall-ifc-report-card.pdf,
Fall 2019,IFC,Tau Kappa Epsilon,14.0,0.0,3.196,,,,,source-data/ifc-report-cards/2019-fall-ifc-report-card.pdf,
Fall 2019,IFC,Theta Chi,10.0,1.0,2.281,,,,,source-data/ifc-report-cards/2019-fall-ifc-report-card.pdf,
Fall 2019,IFC,Theta Xi,86.0,25.0,2.819,,,,,source-data/ifc-report-cards/2019-fall-ifc-report-card.pdf,"Chapter records had members 77, new members 24; UNL report used so every house is measured the same way"
Fall 2019,IFC,Triangle,24.0,0.0,3.152,,,,,source-data/ifc-report-cards/2019-fall-ifc-report-card.pdf,
Spring 2020,IFC,Acacia,31.0,,,,,,,source-data/ifc-report-cards/2020-spring-ifc-report-card.pdf,"no GPA reported in Spring 2020 report (all N/A); grad-rate cells say ""See Fall 19 Report""; new-member column blank"
Spring 2020,IFC,Alpha Gamma Nu,23.0,,,,,,,source-data/ifc-report-cards/2020-spring-ifc-report-card.pdf,"no GPA reported in Spring 2020 report (all N/A); grad-rate cells say ""See Fall 19 Report""; new-member column blank"
Spring 2020,IFC,Alpha Gamma Rho,95.0,,,,,,,source-data/ifc-report-cards/2020-spring-ifc-report-card.pdf,"no GPA reported in Spring 2020 report (all N/A); grad-rate cells say ""See Fall 19 Report""; new-member column blank"
Spring 2020,IFC,Alpha Gamma Sigma,80.0,,,,,,,source-data/ifc-report-cards/2020-spring-ifc-report-card.pdf,"no GPA reported in Spring 2020 report (all N/A); grad-rate cells say ""See Fall 19 Report""; new-member column blank"
Spring 2020,IFC,Alpha Tau Omega,105.0,,,,,,,source-data/ifc-report-cards/2020-spring-ifc-report-card.pdf,"no GPA reported in Spring 2020 report (all N/A); grad-rate cells say ""See Fall 19 Report""; new-member column blank"
Spring 2020,IFC,Beta Sigma Psi,17.0,,,,,,,source-data/ifc-report-cards/2020-spring-ifc-report-card.pdf,"no GPA reported in Spring 2020 report (all N/A); grad-rate cells say ""See Fall 19 Report""; new-member column blank"
Spring 2020,IFC,Beta Theta Pi,109.0,,,,,,,source-data/ifc-report-cards/2020-spring-ifc-report-card.pdf,"no GPA reported in Spring 2020 report (all N/A); grad-rate cells say ""See Fall 19 Report""; new-member column blank"
Spring 2020,IFC,Chi Phi,8.0,,,,,,,source-data/ifc-report-cards/2020-spring-ifc-report-card.pdf,"no GPA reported in Spring 2020 report (all N/A); grad-rate cells say ""See Fall 19 Report""; new-member column blank"
Spring 2020,IFC,Delta Tau Delta,83.0,,,,,,,source-data/ifc-report-cards/2020-spring-ifc-report-card.pdf,"no GPA reported in Spring 2020 report (all N/A); grad-rate cells say ""See Fall 19 Report""; new-member column blank"
Spring 2020,IFC,Delta Upsilon,100.0,,,,,,,source-data/ifc-report-cards/2020-spring-ifc-report-card.pdf,"no GPA reported in Spring 2020 report (all N/A); grad-rate cells say ""See Fall 19 Report""; new-member column blank"
Spring 2020,IFC,Farmhouse,99.0,,,,,,,source-data/ifc-report-cards/2020-spring-ifc-report-card.pdf,"no GPA reported in Spring 2020 report (all N/A); grad-rate cells say ""See Fall 19 Report""; new-member column blank"
Spring 2020,IFC,Kappa Sigma,58.0,,,,,,,source-data/ifc-report-cards/2020-spring-ifc-report-card.pdf,"no GPA reported in Spring 2020 report (all N/A); grad-rate cells say ""See Fall 19 Report""; new-member column blank"
Spring 2020,IFC,Phi Delta Theta,121.0,,,,,,,source-data/ifc-report-cards/2020-spring-ifc-report-card.pdf,"no GPA reported in Spring 2020 report (all N/A); grad-rate cells say ""See Fall 19 Report""; new-member column blank"
Spring 2020,IFC,Phi Gamma Delta,97.0,,,,,,,source-data/ifc-report-cards/2020-spring-ifc-report-card.pdf,"no GPA reported in Spring 2020 report (all N/A); grad-rate cells say ""See Fall 19 Report""; new-member column blank"
Spring 2020,IFC,Phi Kappa Psi,47.0,,,,,,,source-data/ifc-report-cards/2020-spring-ifc-report-card.pdf,"no GPA reported in Spring 2020 report (all N/A); grad-rate cells say ""See Fall 19 Report""; new-member column blank"
Spring 2020,IFC,Phi Kappa Theta,79.0,,,,,,,source-data/ifc-report-cards/2020-spring-ifc-report-card.pdf,"no GPA reported in Spring 2020 report (all N/A); grad-rate cells say ""See Fall 19 Report""; new-member column blank"
Spring 2020,IFC,Pi Kappa Alpha,143.0,,,,,,,source-data/ifc-report-cards/2020-spring-ifc-report-card.pdf,"no GPA reported in Spring 2020 report (all N/A); grad-rate cells say ""See Fall 19 Report""; new-member column blank"
Spring 2020,IFC,Pi Kappa Phi,48.0,,,,,,,source-data/ifc-report-cards/2020-spring-ifc-report-card.pdf,"no GPA reported in Spring 2020 report (all N/A); grad-rate cells say ""See Fall 19 Report""; new-member column blank"
Spring 2020,IFC,Sigma Alpha Epsilon,78.0,,,,,,,source-data/ifc-report-cards/2020-spring-ifc-report-card.pdf,"no GPA reported in Spring 2020 report (all N/A); grad-rate cells say ""See Fall 19 Report""; new-member column blank"
Spring 2020,IFC,Sigma Alpha Mu,10.0,,,,,,,source-data/ifc-report-cards/2020-spring-ifc-report-card.pdf,"no GPA reported in Spring 2020 report (all N/A); grad-rate cells say ""See Fall 19 Report""; new-member column blank"
Spring 2020,IFC,Sigma Chi,83.0,,,,,,,source-data/ifc-report-cards/2020-spring-ifc-report-card.pdf,"no GPA reported in Spring 2020 report (all N/A); grad-rate cells say ""See Fall 19 Report""; new-member column blank"
Spring 2020,IFC,Sigma Nu,42.0,,,,,,,source-data/ifc-report-cards/2020-spring-ifc-report-card.pdf,"no GPA reported in Spring 2020 report (all N/A); grad-rate cells say ""See Fall 19 Report""; new-member column blank"
Spring 2020,IFC,Sigma Phi Epsilon,126.0,,,,,,,source-data/ifc-report-cards/2020-spring-ifc-report-card.pdf,"no GPA reported in Spring 2020 report (all N/A); grad-rate cells say ""See Fall 19 Report""; new-member column blank"
Spring 2020,IFC,Sigma Tau Gamma,14.0,,,,,,,source-data/ifc-report-cards/2020-spring-ifc-report-card.pdf,"no GPA reported in Spring 2020 report (all N/A); grad-rate cells say ""See Fall 19 Report""; new-member column blank"
Spring 2020,IFC,Tau Kappa Epsilon,13.0,,,,,,,source-data/ifc-report-cards/2020-spring-ifc-report-card.pdf,"no GPA reported in Spring 2020 report (all N/A); grad-rate cells say ""See Fall 19 Report""; new-member column blank"
Spring 2020,IFC,Theta Chi,6.0,,,,,,,source-data/ifc-report-cards/2020-spring-ifc-report-card.pdf,"no GPA reported in Spring 2020 report (all N/A); grad-rate cells say ""See Fall 19 Report""; new-member column blank"
Spring 2020,IFC,Theta Xi,73.0,,,,,,,source-data/ifc-report-cards/2020-spring-ifc-report-card.pdf,"no GPA reported in Spring 2020 report (all N/A); grad-rate cells say ""See Fall 19 Report""; new-member column blank; Chapter records had members 79, new members 6; UNL report used so every house is measured the same way"
Spring 2020,IFC,Triangle,25.0,,,,,,,source-data/ifc-report-cards/2020-spring-ifc-report-card.pdf,"no GPA reported in Spring 2020 report (all N/A); grad-rate cells say ""See Fall 19 Report""; new-member column blank"
Fall 2020,IFC,Acacia,44.0,16.0,2.74,,,,,source-data/ifc-report-cards/2020-fall-ifc-report-card.pdf,
Fall 2020,IFC,Alpha Gamma Nu,8.0,0.0,3.331,,,,,source-data/ifc-report-cards/2020-fall-ifc-report-card.pdf,
Fall 2020,IFC,Alpha Gamma Rho,98.0,28.0,3.228,,,,,source-data/ifc-report-cards/2020-fall-ifc-report-card.pdf,
Fall 2020,IFC,Alpha Gamma Sigma,76.0,25.0,3.056,,,,,source-data/ifc-report-cards/2020-fall-ifc-report-card.pdf,
Fall 2020,IFC,Alpha Tau Omega,128.0,38.0,3.276,,,,,source-data/ifc-report-cards/2020-fall-ifc-report-card.pdf,
Fall 2020,IFC,Beta Sigma Psi,13.0,5.0,3.29,,,,,source-data/ifc-report-cards/2020-fall-ifc-report-card.pdf,
Fall 2020,IFC,Beta Theta Pi,117.0,31.0,3.457,,,,,source-data/ifc-report-cards/2020-fall-ifc-report-card.pdf,
Fall 2020,IFC,Chi Phi,10.0,5.0,3.269,,,,,source-data/ifc-report-cards/2020-fall-ifc-report-card.pdf,
Fall 2020,IFC,Delta Tau Delta,79.0,19.0,2.992,,,,,source-data/ifc-report-cards/2020-fall-ifc-report-card.pdf,
Fall 2020,IFC,Delta Upsilon,109.0,30.0,3.315,,,,,source-data/ifc-report-cards/2020-fall-ifc-report-card.pdf,
Fall 2020,IFC,Farmhouse,107.0,27.0,3.502,,,,,source-data/ifc-report-cards/2020-fall-ifc-report-card.pdf,
Fall 2020,IFC,Kappa Sigma,55.0,38.0,2.838,,,,,source-data/ifc-report-cards/2020-fall-ifc-report-card.pdf,
Fall 2020,IFC,Phi Delta Theta,124.0,33.0,3.271,,,,,source-data/ifc-report-cards/2020-fall-ifc-report-card.pdf,
Fall 2020,IFC,Phi Gamma Delta,106.0,35.0,3.069,,,,,source-data/ifc-report-cards/2020-fall-ifc-report-card.pdf,
Fall 2020,IFC,Phi Kappa Psi,45.0,10.0,2.66,,,,,source-data/ifc-report-cards/2020-fall-ifc-report-card.pdf,
Fall 2020,IFC,Phi Kappa Theta,77.0,21.0,3.399,,,,,source-data/ifc-report-cards/2020-fall-ifc-report-card.pdf,
Fall 2020,IFC,Pi Kappa Alpha,139.0,33.0,3.382,,,,,source-data/ifc-report-cards/2020-fall-ifc-report-card.pdf,
Fall 2020,IFC,Pi Kappa Phi,34.0,0.0,3.071,,,,,source-data/ifc-report-cards/2020-fall-ifc-report-card.pdf,
Fall 2020,IFC,Sigma Alpha Epsilon,106.0,28.0,3.218,,,,,source-data/ifc-report-cards/2020-fall-ifc-report-card.pdf,
Fall 2020,IFC,Sigma Alpha Mu,9.0,3.0,,,,,,source-data/ifc-report-cards/2020-fall-ifc-report-card.pdf,chapter GPA and comparison cells blank; the only GPA shown sits in the New Member GPA column (could be a misplaced chapter GPA)
Fall 2020,IFC,Sigma Chi,99.0,23.0,2.966,,,,,source-data/ifc-report-cards/2020-fall-ifc-report-card.pdf,
Fall 2020,IFC,Sigma Nu,40.0,19.0,2.792,,,,,source-data/ifc-report-cards/2020-fall-ifc-report-card.pdf,
Fall 2020,IFC,Sigma Phi Epsilon,135.0,44.0,3.444,,,,,source-data/ifc-report-cards/2020-fall-ifc-report-card.pdf,
Fall 2020,IFC,Sigma Tau Gamma,10.0,4.0,,,,,,source-data/ifc-report-cards/2020-fall-ifc-report-card.pdf,chapter GPA and comparison cells blank; the only GPA shown sits in the New Member GPA column (could be a misplaced chapter GPA)
Fall 2020,IFC,Theta Xi,78.0,28.0,2.957,,,,,source-data/ifc-report-cards/2020-fall-ifc-report-card.pdf,"Chapter records had members 81, new members 20, GPA 3.006; UNL report used so every house is measured the same way"
Fall 2020,IFC,Triangle,27.0,3.0,2.97,,,,,source-data/ifc-report-cards/2020-fall-ifc-report-card.pdf,
Spring 2021,IFC,Acacia,40.0,10.0,3.247,,,,,source-data/ifc-report-cards/2021-spring-ifc-report-card.pdf,
Spring 2021,IFC,Alpha Gamma Nu,7.0,0.0,3.698,,,,,source-data/ifc-report-cards/2021-spring-ifc-report-card.pdf,
Spring 2021,IFC,Alpha Gamma Rho,94.0,4.0,3.137,,,,,source-data/ifc-report-cards/2021-spring-ifc-report-card.pdf,
Spring 2021,IFC,Alpha Gamma Sigma,69.0,3.0,3.41,,,,,source-data/ifc-report-cards/2021-spring-ifc-report-card.pdf,
Spring 2021,IFC,Alpha Tau Omega,119.0,3.0,3.293,,,,,source-data/ifc-report-cards/2021-spring-ifc-report-card.pdf,
Spring 2021,IFC,Beta Sigma Psi,13.0,1.0,3.372,,,,,source-data/ifc-report-cards/2021-spring-ifc-report-card.pdf,
Spring 2021,IFC,Beta Theta Pi,106.0,1.0,3.51,,,,,source-data/ifc-report-cards/2021-spring-ifc-report-card.pdf,
Spring 2021,IFC,Chi Phi,11.0,3.0,3.135,,,,,source-data/ifc-report-cards/2021-spring-ifc-report-card.pdf,
Spring 2021,IFC,Delta Tau Delta,75.0,10.0,3.059,,,,,source-data/ifc-report-cards/2021-spring-ifc-report-card.pdf,
Spring 2021,IFC,Delta Upsilon,93.0,1.0,3.338,,,,,source-data/ifc-report-cards/2021-spring-ifc-report-card.pdf,
Spring 2021,IFC,Farmhouse,104.0,2.0,3.525,,,,,source-data/ifc-report-cards/2021-spring-ifc-report-card.pdf,
Spring 2021,IFC,Kappa Sigma,66.0,11.0,3.019,,,,,source-data/ifc-report-cards/2021-spring-ifc-report-card.pdf,
Spring 2021,IFC,Phi Delta Theta,110.0,2.0,3.458,,,,,source-data/ifc-report-cards/2021-spring-ifc-report-card.pdf,
Spring 2021,IFC,Phi Gamma Delta,101.0,2.0,3.082,,,,,source-data/ifc-report-cards/2021-spring-ifc-report-card.pdf,
Spring 2021,IFC,Phi Kappa Psi,41.0,1.0,2.935,,,,,source-data/ifc-report-cards/2021-spring-ifc-report-card.pdf,
Spring 2021,IFC,Phi Kappa Theta,74.0,1.0,3.382,,,,,source-data/ifc-report-cards/2021-spring-ifc-report-card.pdf,
Spring 2021,IFC,Pi Kappa Alpha,142.0,9.0,3.546,,,,,source-data/ifc-report-cards/2021-spring-ifc-report-card.pdf,
Spring 2021,IFC,Pi Kappa Phi,53.0,0.0,2.906,,,,,source-data/ifc-report-cards/2021-spring-ifc-report-card.pdf,
Spring 2021,IFC,Sigma Alpha Epsilon,104.0,4.0,3.329,,,,,source-data/ifc-report-cards/2021-spring-ifc-report-card.pdf,
Spring 2021,IFC,Sigma Alpha Mu,12.0,0.0,3.349,,,,,source-data/ifc-report-cards/2021-spring-ifc-report-card.pdf,
Spring 2021,IFC,Sigma Chi,74.0,4.0,3.405,,,,,source-data/ifc-report-cards/2021-spring-ifc-report-card.pdf,
Spring 2021,IFC,Sigma Nu,46.0,5.0,3.098,,,,,source-data/ifc-report-cards/2021-spring-ifc-report-card.pdf,
Spring 2021,IFC,Sigma Phi Epsilon,128.0,0.0,3.551,,,,,source-data/ifc-report-cards/2021-spring-ifc-report-card.pdf,
Spring 2021,IFC,Sigma Tau Gamma,8.0,0.0,2.8,,,,,source-data/ifc-report-cards/2021-spring-ifc-report-card.pdf,
Spring 2021,IFC,Theta Xi,74.0,10.0,3.267,,,,,source-data/ifc-report-cards/2021-spring-ifc-report-card.pdf,Chapter records had GPA 3.26; UNL report used so every house is measured the same way
Spring 2021,IFC,Triangle,24.0,0.0,3.15,,,,,source-data/ifc-report-cards/2021-spring-ifc-report-card.pdf,
Fall 2021,IFC,Acacia,48.0,13.0,3.087,38.0,16.0,,,source-data/ifc-report-cards/2021-fall-ifc-report-card.pdf,
Fall 2021,IFC,Alpha Gamma Rho,96.0,30.0,3.196,33.0,12.0,,,source-data/ifc-report-cards/2021-fall-ifc-report-card.pdf,
Fall 2021,IFC,Alpha Gamma Sigma,78.0,25.0,3.183,34.0,13.0,,,source-data/ifc-report-cards/2021-fall-ifc-report-card.pdf,
Fall 2021,IFC,Alpha Tau Omega,108.0,19.0,3.129,36.0,15.0,,,source-data/ifc-report-cards/2021-fall-ifc-report-card.pdf,
Fall 2021,IFC,Beta Sigma Psi,12.0,5.0,3.539,6.0,3.0,,,source-data/ifc-report-cards/2021-fall-ifc-report-card.pdf,
Fall 2021,IFC,Beta Theta Pi,115.0,30.0,3.281,25.0,8.0,,,source-data/ifc-report-cards/2021-fall-ifc-report-card.pdf,"4yr grad rate printed as "".65.52"", read as 65.52%"
Fall 2021,IFC,Chi Phi,10.0,5.0,3.724,1.0,1.0,,,source-data/ifc-report-cards/2021-fall-ifc-report-card.pdf,
Fall 2021,IFC,Delta Sigma Phi,18.0,18.0,3.057,39.0,17.0,,,source-data/ifc-report-cards/2021-fall-ifc-report-card.pdf,
Fall 2021,IFC,Delta Tau Delta,64.0,20.0,3.006,43.0,19.0,,,source-data/ifc-report-cards/2021-fall-ifc-report-card.pdf,
Fall 2021,IFC,Delta Upsilon,91.0,31.0,3.227,31.0,11.0,,,source-data/ifc-report-cards/2021-fall-ifc-report-card.pdf,
Fall 2021,IFC,Farmhouse,106.0,31.0,3.598,5.0,2.0,,,source-data/ifc-report-cards/2021-fall-ifc-report-card.pdf,
Fall 2021,IFC,Kappa Sigma,59.0,13.0,2.801,47.0,23.0,,,source-data/ifc-report-cards/2021-fall-ifc-report-card.pdf,
Fall 2021,IFC,Phi Delta Theta,128.0,40.0,3.346,20.0,6.0,,,source-data/ifc-report-cards/2021-fall-ifc-report-card.pdf,"1st-2nd yr retention printed as ""9394.00%"" (obvious typo; stored as 93.94%)"
Fall 2021,IFC,Phi Gamma Delta,,,,,,,,source-data/ifc-report-cards/2021-fall-ifc-report-card.pdf,cells show SUS (suspended); no data
Fall 2021,IFC,Phi Kappa Psi,49.0,14.0,2.798,48.0,24.0,,,source-data/ifc-report-cards/2021-fall-ifc-report-card.pdf,
Fall 2021,IFC,Phi Kappa Theta,79.0,26.0,3.267,28.0,9.0,,,source-data/ifc-report-cards/2021-fall-ifc-report-card.pdf,"1st-2nd yr retention printed as ""8387.00%"" (obvious typo; stored as 83.87%)"
Fall 2021,IFC,Pi Kappa Alpha,134.0,32.0,3.43,15.0,5.0,,,source-data/ifc-report-cards/2021-fall-ifc-report-card.pdf,
Fall 2021,IFC,Pi Kappa Phi,51.0,23.0,2.644,50.0,25.0,,,source-data/ifc-report-cards/2021-fall-ifc-report-card.pdf,
Fall 2021,IFC,Sigma Alpha Epsilon,121.0,32.0,3.296,24.0,7.0,,,source-data/ifc-report-cards/2021-fall-ifc-report-card.pdf,
Fall 2021,IFC,Sigma Alpha Mu,11.0,3.0,3.009,42.0,18.0,,,source-data/ifc-report-cards/2021-fall-ifc-report-card.pdf,
Fall 2021,IFC,Sigma Chi,84.0,42.0,3.247,30.0,10.0,,,source-data/ifc-report-cards/2021-fall-ifc-report-card.pdf,
Fall 2021,IFC,Sigma Nu,43.0,13.0,2.864,46.0,22.0,,,source-data/ifc-report-cards/2021-fall-ifc-report-card.pdf,
Fall 2021,IFC,Sigma Phi Epsilon,143.0,40.0,3.459,14.0,4.0,,,source-data/ifc-report-cards/2021-fall-ifc-report-card.pdf,
Fall 2021,IFC,Sigma Tau Gamma,16.0,1.0,2.888,45.0,21.0,,,source-data/ifc-report-cards/2021-fall-ifc-report-card.pdf,
Fall 2021,IFC,Theta Xi,74.0,14.0,3.167,35.0,14.0,,,source-data/ifc-report-cards/2021-fall-ifc-report-card.pdf,"Chapter records had new members 13, GPA 3.16; UNL report used so every house is measured the same way"
Fall 2021,IFC,Triangle,21.0,5.0,3.055,44.0,20.0,,,source-data/ifc-report-cards/2021-fall-ifc-report-card.pdf,
Spring 2022,IFC,Acacia,45.0,,3.126,41.0,19.0,,,source-data/ifc-report-cards/2022-spring-ifc-report-card.pdf,
Spring 2022,IFC,Alpha Gamma Rho,90.0,,3.367,26.0,8.0,,,source-data/ifc-report-cards/2022-spring-ifc-report-card.pdf,
Spring 2022,IFC,Alpha Gamma Sigma,79.0,,3.214,36.0,17.0,,,source-data/ifc-report-cards/2022-spring-ifc-report-card.pdf,
Spring 2022,IFC,Alpha Tau Omega,116.0,,3.142,40.0,18.0,,,source-data/ifc-report-cards/2022-spring-ifc-report-card.pdf,
Spring 2022,IFC,Beta Sigma Psi,11.0,,3.298,29.0,11.0,,,source-data/ifc-report-cards/2022-spring-ifc-report-card.pdf,
Spring 2022,IFC,Beta Theta Pi,108.0,,3.446,20.0,6.0,,,source-data/ifc-report-cards/2022-spring-ifc-report-card.pdf,"4yr grad rate printed as "".65.52"", read as 65.52%"
Spring 2022,IFC,Chi Phi,12.0,,3.632,3.0,1.0,,,source-data/ifc-report-cards/2022-spring-ifc-report-card.pdf,
Spring 2022,IFC,Delta Sigma Phi,17.0,,3.263,33.0,14.0,,,source-data/ifc-report-cards/2022-spring-ifc-report-card.pdf,
Spring 2022,IFC,Delta Tau Delta,63.0,,3.29,30.0,12.0,,,source-data/ifc-report-cards/2022-spring-ifc-report-card.pdf,
Spring 2022,IFC,Delta Upsilon,90.0,,3.263,33.0,14.0,,,source-data/ifc-report-cards/2022-spring-ifc-report-card.pdf,
Spring 2022,IFC,Farmhouse,103.0,,3.6,6.0,2.0,,,source-data/ifc-report-cards/2022-spring-ifc-report-card.pdf,
Spring 2022,IFC,Kappa Sigma,42.0,,2.901,43.0,21.0,,,source-data/ifc-report-cards/2022-spring-ifc-report-card.pdf,
Spring 2022,IFC,Phi Delta Theta,128.0,,3.352,27.0,9.0,,,source-data/ifc-report-cards/2022-spring-ifc-report-card.pdf,
Spring 2022,IFC,Phi Gamma Delta,,,,,,,,source-data/ifc-report-cards/2022-spring-ifc-report-card.pdf,cells show SUS (suspended); no data
Spring 2022,IFC,Phi Kappa Psi,52.0,,2.841,45.0,23.0,,,source-data/ifc-report-cards/2022-spring-ifc-report-card.pdf,
Spring 2022,IFC,Phi Kappa Theta,81.0,,3.505,15.0,4.0,,,source-data/ifc-report-cards/2022-spring-ifc-report-card.pdf,"1st-2nd yr retention printed as ""8387.00%"" (obvious typo; stored as 83.87%)"
Spring 2022,IFC,Pi Kappa Alpha,143.0,,3.478,16.0,5.0,,,source-data/ifc-report-cards/2022-spring-ifc-report-card.pdf,
Spring 2022,IFC,Pi Kappa Phi,46.0,,2.793,46.0,24.0,,,source-data/ifc-report-cards/2022-spring-ifc-report-card.pdf,
Spring 2022,IFC,Sigma Alpha Epsilon,123.0,,3.266,32.0,13.0,,,source-data/ifc-report-cards/2022-spring-ifc-report-card.pdf,
Spring 2022,IFC,Sigma Alpha Mu,11.0,,2.979,42.0,20.0,,,source-data/ifc-report-cards/2022-spring-ifc-report-card.pdf,
Spring 2022,IFC,Sigma Chi,74.0,,3.428,22.0,7.0,,,source-data/ifc-report-cards/2022-spring-ifc-report-card.pdf,
Spring 2022,IFC,Sigma Nu,48.0,,2.884,44.0,22.0,,,source-data/ifc-report-cards/2022-spring-ifc-report-card.pdf,
Spring 2022,IFC,Sigma Phi Epsilon,133.0,,3.527,10.0,3.0,,,source-data/ifc-report-cards/2022-spring-ifc-report-card.pdf,
Spring 2022,IFC,Sigma Tau Gamma,8.0,,2.755,47.0,25.0,,,source-data/ifc-report-cards/2022-spring-ifc-report-card.pdf,
Spring 2022,IFC,Theta Xi,68.0,,3.316,28.0,10.0,,,source-data/ifc-report-cards/2022-spring-ifc-report-card.pdf,"Chapter records had new members 4, GPA 3.331; UNL report used so every house is measured the same way"
Spring 2022,IFC,Triangle,23.0,,3.223,35.0,16.0,,,source-data/ifc-report-cards/2022-spring-ifc-report-card.pdf,
Fall 2022,IFC,Acacia,39.0,7.0,3.17,35.0,15.0,,,source-data/ifc-report-cards/2022-fall-ifc-report-card.pdf,
Fall 2022,IFC,Alpha Gamma Rho,97.0,23.0,3.295,26.0,11.0,,,source-data/ifc-report-cards/2022-fall-ifc-report-card.pdf,
Fall 2022,IFC,Alpha Gamma Sigma,91.0,32.0,3.389,20.0,7.0,,,source-data/ifc-report-cards/2022-fall-ifc-report-card.pdf,
Fall 2022,IFC,Alpha Tau Omega,118.0,35.0,3.061,40.0,19.0,,,source-data/ifc-report-cards/2022-fall-ifc-report-card.pdf,
Fall 2022,IFC,Beta Sigma Psi,16.0,8.0,3.55,9.0,3.0,,,source-data/ifc-report-cards/2022-fall-ifc-report-card.pdf,
Fall 2022,IFC,Beta Theta Pi,105.0,34.0,3.572,7.0,2.0,,,source-data/ifc-report-cards/2022-fall-ifc-report-card.pdf,
Fall 2022,IFC,Chi Phi,17.0,3.0,3.379,21.0,8.0,,,source-data/ifc-report-cards/2022-fall-ifc-report-card.pdf,
Fall 2022,IFC,Delta Sigma Phi,25.0,6.0,3.146,37.0,17.0,,,source-data/ifc-report-cards/2022-fall-ifc-report-card.pdf,
Fall 2022,IFC,Delta Tau Delta,83.0,22.0,3.156,36.0,16.0,,,source-data/ifc-report-cards/2022-fall-ifc-report-card.pdf,
Fall 2022,IFC,Delta Upsilon,50.0,8.0,3.255,27.0,12.0,,,source-data/ifc-report-cards/2022-fall-ifc-report-card.pdf,
Fall 2022,IFC,Farmhouse,104.0,22.0,3.758,1.0,1.0,,,source-data/ifc-report-cards/2022-fall-ifc-report-card.pdf,
Fall 2022,IFC,Kappa Sigma,49.0,1.0,2.724,43.0,22.0,,,source-data/ifc-report-cards/2022-fall-ifc-report-card.pdf,"rank printed as ""*(/2243)""; read as council 22 / community 43 (only unused ranks); new member GPA 0.750 as printed (1 new member)"
Fall 2022,IFC,Phi Delta Theta,153.0,45.0,3.224,32.0,14.0,,,source-data/ifc-report-cards/2022-fall-ifc-report-card.pdf,
Fall 2022,IFC,Phi Gamma Delta,,,,,,,,source-data/ifc-report-cards/2022-fall-ifc-report-card.pdf,"row blacked out in PDF; standing ""Suspension Through 2027"""
Fall 2022,IFC,Phi Kappa Psi,50.0,11.0,2.681,44.0,23.0,,,source-data/ifc-report-cards/2022-fall-ifc-report-card.pdf,
Fall 2022,IFC,Phi Kappa Theta,83.0,21.0,3.508,16.0,5.0,,,source-data/ifc-report-cards/2022-fall-ifc-report-card.pdf,
Fall 2022,IFC,Pi Kappa Alpha,139.0,25.0,3.48,17.0,6.0,,,source-data/ifc-report-cards/2022-fall-ifc-report-card.pdf,
Fall 2022,IFC,Pi Kappa Phi,53.0,27.0,2.64,45.0,24.0,,,source-data/ifc-report-cards/2022-fall-ifc-report-card.pdf,
Fall 2022,IFC,Sigma Alpha Epsilon,127.0,35.0,3.228,30.0,13.0,,,source-data/ifc-report-cards/2022-fall-ifc-report-card.pdf,
Fall 2022,IFC,Sigma Alpha Mu,12.0,3.0,3.319,25.0,10.0,,,source-data/ifc-report-cards/2022-fall-ifc-report-card.pdf,
Fall 2022,IFC,Sigma Chi,96.0,40.0,3.325,24.0,9.0,,,source-data/ifc-report-cards/2022-fall-ifc-report-card.pdf,
Fall 2022,IFC,Sigma Nu,37.0,1.0,2.827,42.0,21.0,,,source-data/ifc-report-cards/2022-fall-ifc-report-card.pdf,
Fall 2022,IFC,Sigma Phi Epsilon,146.0,43.0,3.533,12.0,4.0,,,source-data/ifc-report-cards/2022-fall-ifc-report-card.pdf,
Fall 2022,IFC,Sigma Tau Gamma,,,,,,,,source-data/ifc-report-cards/2022-fall-ifc-report-card.pdf,row is covered by a solid black box in the PDF (redacted); values intentionally not extracted
Fall 2022,IFC,Theta Xi,71.0,17.0,3.096,39.0,18.0,,,source-data/ifc-report-cards/2022-fall-ifc-report-card.pdf,"Chapter records had members 70, new members 13, GPA 3.091; UNL report used so every house is measured the same way"
Fall 2022,IFC,Triangle,21.0,6.0,3.058,41.0,20.0,,,source-data/ifc-report-cards/2022-fall-ifc-report-card.pdf,
Spring 2023,IFC,Acacia,39.0,1.0,3.441,22.0,7.0,,,source-data/community-scorecards/2023-spring-community-scorecard.pdf,
Spring 2023,IFC,Alpha Gamma Rho,96.0,2.0,3.326,27.0,10.0,,,source-data/community-scorecards/2023-spring-community-scorecard.pdf,
Spring 2023,IFC,Alpha Gamma Sigma,88.0,,3.416,24.0,9.0,,,source-data/community-scorecards/2023-spring-community-scorecard.pdf,new member cell blank in PDF (possibly 0)
Spring 2023,IFC,Alpha Tau Omega,106.0,6.0,3.176,37.0,17.0,,,source-data/community-scorecards/2023-spring-community-scorecard.pdf,
Spring 2023,IFC,Beta Sigma Psi,12.0,,3.287,30.0,13.0,,,source-data/community-scorecards/2023-spring-community-scorecard.pdf,1st-2nd yr retention shown as ##### (Excel overflow) in PDF; new member cell blank in PDF (possibly 0)
Spring 2023,IFC,Beta Theta Pi,101.0,,3.539,13.0,4.0,,,source-data/community-scorecards/2023-spring-community-scorecard.pdf,new member cell blank in PDF (possibly 0)
Spring 2023,IFC,Chi Phi,17.0,,3.288,29.0,12.0,,,source-data/community-scorecards/2023-spring-community-scorecard.pdf,1st-2nd yr retention shown as ##### (Excel overflow) in PDF; 4yr grad rate shown as ##### (Excel overflow) in PDF; new member cell blank in PDF (possibly 0)
Spring 2023,IFC,Delta Sigma Phi,23.0,,3.225,34.0,16.0,,,source-data/community-scorecards/2023-spring-community-scorecard.pdf,1st-2nd yr retention shown as ##### (Excel overflow) in PDF; new member cell blank in PDF (possibly 0)
Spring 2023,IFC,Delta Tau Delta,83.0,10.0,3.23,33.0,15.0,,,source-data/community-scorecards/2023-spring-community-scorecard.pdf,
Spring 2023,IFC,Delta Upsilon,47.0,2.0,3.427,23.0,8.0,,,source-data/community-scorecards/2023-spring-community-scorecard.pdf,
Spring 2023,IFC,Farmhouse,103.0,4.0,3.695,3.0,1.0,,,source-data/community-scorecards/2023-spring-community-scorecard.pdf,1st-2nd yr retention shown as ##### (Excel overflow) in PDF
Spring 2023,IFC,Kappa Sigma,44.0,9.0,2.878,46.0,24.0,,,source-data/community-scorecards/2023-spring-community-scorecard.pdf,
Spring 2023,IFC,Phi Delta Theta,135.0,5.0,3.315,28.0,11.0,,,source-data/community-scorecards/2023-spring-community-scorecard.pdf,
Spring 2023,IFC,Phi Kappa Psi,35.0,2.0,2.974,44.0,22.0,,,source-data/community-scorecards/2023-spring-community-scorecard.pdf,
Spring 2023,IFC,Phi Kappa Theta,81.0,,3.529,14.0,5.0,,,source-data/community-scorecards/2023-spring-community-scorecard.pdf,new member cell blank in PDF (possibly 0)
Spring 2023,IFC,Pi Kappa Alpha,134.0,21.0,3.58,8.0,2.0,,,source-data/community-scorecards/2023-spring-community-scorecard.pdf,
Spring 2023,IFC,Pi Kappa Phi,51.0,10.0,2.964,45.0,23.0,,,source-data/community-scorecards/2023-spring-community-scorecard.pdf,
Spring 2023,IFC,Sigma Alpha Epsilon,125.0,5.0,3.257,31.0,14.0,,,source-data/community-scorecards/2023-spring-community-scorecard.pdf,
Spring 2023,IFC,Sigma Alpha Mu,13.0,4.0,3.02,42.0,21.0,,,source-data/community-scorecards/2023-spring-community-scorecard.pdf,1st-2nd yr retention shown as ##### (Excel overflow) in PDF
Spring 2023,IFC,Sigma Chi,91.0,,3.463,21.0,6.0,,,source-data/community-scorecards/2023-spring-community-scorecard.pdf,new member cell blank in PDF (possibly 0)
Spring 2023,IFC,Sigma Nu,21.0,1.0,3.125,38.0,18.0,,,source-data/community-scorecards/2023-spring-community-scorecard.pdf,
Spring 2023,IFC,Sigma Phi Epsilon,140.0,,3.573,9.0,3.0,,,source-data/community-scorecards/2023-spring-community-scorecard.pdf,new member cell blank in PDF (possibly 0)
Spring 2023,IFC,Theta Chi,12.0,10.0,3.115,40.0,20.0,,,source-data/community-scorecards/2023-spring-community-scorecard.pdf,1st-2nd yr retention shown as ##### (Excel overflow) in PDF
Spring 2023,IFC,Theta Xi,71.0,6.0,3.121,39.0,19.0,,,source-data/community-scorecards/2023-spring-community-scorecard.pdf,"Chapter records had members 68, new members 5; UNL report used so every house is measured the same way"
Spring 2023,IFC,Triangle,25.0,3.0,2.843,47.0,25.0,,,source-data/community-scorecards/2023-spring-community-scorecard.pdf,1st-2nd yr retention shown as ##### (Excel overflow) in PDF; 6yr grad rate shown as ##### (Excel overflow) in PDF
Spring 2023,MGC,Delta Phi Lambda,22.0,,3.528,15.0,2.0,,,source-data/community-scorecards/2023-spring-community-scorecard.pdf,1st-2nd yr retention shown as ##### (Excel overflow) in PDF; new member cell blank in PDF (possibly 0)
Spring 2023,MGC,Delta Xi Nu,25.0,,3.21,35.0,4.0,,,source-data/community-scorecards/2023-spring-community-scorecard.pdf,1st-2nd yr retention shown as ##### (Excel overflow) in PDF; 6yr grad rate shown as ##### (Excel overflow) in PDF; new member cell blank in PDF (possibly 0)
Spring 2023,MGC,Kappa Delta Chi,21.0,4.0,3.069,41.0,6.0,,,source-data/community-scorecards/2023-spring-community-scorecard.pdf,6yr grad rate shown as ##### (Excel overflow) in PDF
Spring 2023,MGC,Lambda Phi Epsilon,13.0,3.0,3.198,36.0,5.0,,,source-data/community-scorecards/2023-spring-community-scorecard.pdf,1st-2nd yr retention shown as ##### (Excel overflow) in PDF; 6yr grad rate shown as ##### (Excel overflow) in PDF
Spring 2023,MGC,Lambda Theta Nu,11.0,5.0,3.232,32.0,3.0,,,source-data/community-scorecards/2023-spring-community-scorecard.pdf,
Spring 2023,MGC,Omega Delta Phi,7.0,2.0,3.015,43.0,7.0,,,source-data/community-scorecards/2023-spring-community-scorecard.pdf,1st-2nd yr retention shown as ##### (Excel overflow) in PDF
Spring 2023,MGC,Sigma Lambda Beta,15.0,5.0,2.636,48.0,8.0,,,source-data/community-scorecards/2023-spring-community-scorecard.pdf,1st-2nd yr retention shown as ##### (Excel overflow) in PDF
Spring 2023,MGC,Sigma Psi Zeta,15.0,3.0,3.597,6.0,1.0,,,source-data/community-scorecards/2023-spring-community-scorecard.pdf,1st-2nd yr retention shown as ##### (Excel overflow) in PDF
Spring 2023,NPHC,Delta Sigma Theta,1.0,,,,,,,source-data/community-scorecards/2023-spring-community-scorecard.pdf,6yr grad rate shown as ##### (Excel overflow) in PDF; GPA not disclosed (N/A; small chapter); new member cell blank in PDF (possibly 0)
Spring 2023,NPHC,Kappa Alpha Psi,7.0,,1.978,49.0,1.0,,,source-data/community-scorecards/2023-spring-community-scorecard.pdf,new member cell blank in PDF (possibly 0)
Spring 2023,NPHC,Omega Psi Phi,4.0,2.0,,,,,,source-data/community-scorecards/2023-spring-community-scorecard.pdf,6yr grad rate shown as ##### (Excel overflow) in PDF; GPA not disclosed (N/A; small chapter)
Spring 2023,NPHC,Phi Beta Sigma,2.0,,,,,,,source-data/community-scorecards/2023-spring-community-scorecard.pdf,4yr grad rate shown as ##### (Excel overflow) in PDF; GPA not disclosed (N/A; small chapter); new member cell blank in PDF (possibly 0)
Spring 2023,NPHC,Zeta Phi Beta,2.0,,,,,,,source-data/community-scorecards/2023-spring-community-scorecard.pdf,6yr grad rate shown as ##### (Excel overflow) in PDF; GPA not disclosed (N/A; small chapter); new member cell blank in PDF (possibly 0)
Spring 2023,PHA,Alpha Chi Omega,156.0,10.0,3.498,18.0,11.0,,,source-data/community-scorecards/2023-spring-community-scorecard.pdf,
Spring 2023,PHA,Alpha Omicron Pi,161.0,10.0,3.4,25.0,14.0,,,source-data/community-scorecards/2023-spring-community-scorecard.pdf,
Spring 2023,PHA,Alpha Phi,165.0,,3.543,12.0,8.0,,,source-data/community-scorecards/2023-spring-community-scorecard.pdf,new member cell blank in PDF (possibly 0)
Spring 2023,PHA,Alpha Xi Delta,166.0,,3.57,10.0,6.0,,,source-data/community-scorecards/2023-spring-community-scorecard.pdf,new member cell blank in PDF (possibly 0)
Spring 2023,PHA,Chi Omega,171.0,,3.691,4.0,3.0,,,source-data/community-scorecards/2023-spring-community-scorecard.pdf,1st-2nd yr retention shown as ##### (Excel overflow) in PDF; new member cell blank in PDF (possibly 0)
Spring 2023,PHA,Delta Delta Delta,165.0,23.0,3.47,20.0,13.0,,,source-data/community-scorecards/2023-spring-community-scorecard.pdf,
Spring 2023,PHA,Delta Gamma,167.0,1.0,3.615,5.0,4.0,,,source-data/community-scorecards/2023-spring-community-scorecard.pdf,1st-2nd yr retention shown as ##### (Excel overflow) in PDF
Spring 2023,PHA,Gamma Phi Beta,166.0,2.0,3.725,2.0,2.0,,,source-data/community-scorecards/2023-spring-community-scorecard.pdf,
Spring 2023,PHA,Kappa Alpha Theta,166.0,6.0,3.594,7.0,5.0,,,source-data/community-scorecards/2023-spring-community-scorecard.pdf,
Spring 2023,PHA,Kappa Delta,166.0,7.0,3.523,16.0,9.0,,,source-data/community-scorecards/2023-spring-community-scorecard.pdf,
Spring 2023,PHA,Kappa Kappa Gamma,169.0,,3.501,17.0,10.0,,,source-data/community-scorecards/2023-spring-community-scorecard.pdf,new member cell blank in PDF (possibly 0)
Spring 2023,PHA,Phi Mu,102.0,13.0,3.484,19.0,12.0,,,source-data/community-scorecards/2023-spring-community-scorecard.pdf,
Spring 2023,PHA,Pi Alpha Chi,27.0,1.0,3.736,1.0,1.0,,,source-data/community-scorecards/2023-spring-community-scorecard.pdf,1st-2nd yr retention shown as ##### (Excel overflow) in PDF
Spring 2023,PHA,Pi Beta Phi,164.0,6.0,3.567,11.0,7.0,,,source-data/community-scorecards/2023-spring-community-scorecard.pdf,
Spring 2023,PHA,Sigma Alpha,56.0,6.0,3.371,26.0,15.0,,,source-data/community-scorecards/2023-spring-community-scorecard.pdf,1st-2nd yr retention shown as ##### (Excel overflow) in PDF; 6yr grad rate shown as ##### (Excel overflow) in PDF
Fall 2023,IFC,Acacia,39.0,,3.214,,,,,source-data/academic-reports/2023-fall-all-community-grade-report.pdf,No Fall 2023 scorecard exists; GPA and members from the All-Community Grade Report (members enrolled for credit only; no new-member counts)
Fall 2023,IFC,Alpha Gamma Rho,104.0,,3.345,,,,,source-data/academic-reports/2023-fall-all-community-grade-report.pdf,No Fall 2023 scorecard exists; GPA and members from the All-Community Grade Report (members enrolled for credit only; no new-member counts)
Fall 2023,IFC,Alpha Gamma Sigma,93.0,,3.342,,,,,source-data/academic-reports/2023-fall-all-community-grade-report.pdf,No Fall 2023 scorecard exists; GPA and members from the All-Community Grade Report (members enrolled for credit only; no new-member counts)
Fall 2023,IFC,Alpha Tau Omega,116.0,,3.071,,,,,source-data/academic-reports/2023-fall-all-community-grade-report.pdf,No Fall 2023 scorecard exists; GPA and members from the All-Community Grade Report (members enrolled for credit only; no new-member counts)
Fall 2023,IFC,Beta Sigma Psi,12.0,,3.257,,,,,source-data/academic-reports/2023-fall-all-community-grade-report.pdf,No Fall 2023 scorecard exists; GPA and members from the All-Community Grade Report (members enrolled for credit only; no new-member counts)
Fall 2023,IFC,Beta Theta Pi,116.0,,3.583,,,,,source-data/academic-reports/2023-fall-all-community-grade-report.pdf,No Fall 2023 scorecard exists; GPA and members from the All-Community Grade Report (members enrolled for credit only; no new-member counts)
Fall 2023,IFC,Chi Phi,18.0,,2.643,,,,,source-data/academic-reports/2023-fall-all-community-grade-report.pdf,No Fall 2023 scorecard exists; GPA and members from the All-Community Grade Report (members enrolled for credit only; no new-member counts)
Fall 2023,IFC,Delta Sigma Phi,17.0,,3.18,,,,,source-data/academic-reports/2023-fall-all-community-grade-report.pdf,No Fall 2023 scorecard exists; GPA and members from the All-Community Grade Report (members enrolled for credit only; no new-member counts)
Fall 2023,IFC,Delta Tau Delta,109.0,,3.03,,,,,source-data/academic-reports/2023-fall-all-community-grade-report.pdf,No Fall 2023 scorecard exists; GPA and members from the All-Community Grade Report (members enrolled for credit only; no new-member counts)
Fall 2023,IFC,Delta Upsilon,66.0,,3.249,,,,,source-data/academic-reports/2023-fall-all-community-grade-report.pdf,No Fall 2023 scorecard exists; GPA and members from the All-Community Grade Report (members enrolled for credit only; no new-member counts)
Fall 2023,IFC,Farmhouse,111.0,,3.678,,,,,source-data/academic-reports/2023-fall-all-community-grade-report.pdf,No Fall 2023 scorecard exists; GPA and members from the All-Community Grade Report (members enrolled for credit only; no new-member counts)
Fall 2023,IFC,Kappa Sigma,45.0,,2.965,,,,,source-data/academic-reports/2023-fall-all-community-grade-report.pdf,No Fall 2023 scorecard exists; GPA and members from the All-Community Grade Report (members enrolled for credit only; no new-member counts)
Fall 2023,IFC,Phi Delta Theta,142.0,,3.199,,,,,source-data/academic-reports/2023-fall-all-community-grade-report.pdf,No Fall 2023 scorecard exists; GPA and members from the All-Community Grade Report (members enrolled for credit only; no new-member counts)
Fall 2023,IFC,Phi Kappa Psi,40.0,,2.998,,,,,source-data/academic-reports/2023-fall-all-community-grade-report.pdf,No Fall 2023 scorecard exists; GPA and members from the All-Community Grade Report (members enrolled for credit only; no new-member counts)
Fall 2023,IFC,Phi Kappa Theta,80.0,,3.443,,,,,source-data/academic-reports/2023-fall-all-community-grade-report.pdf,No Fall 2023 scorecard exists; GPA and members from the All-Community Grade Report (members enrolled for credit only; no new-member counts)
Fall 2023,IFC,Pi Kappa Alpha,134.0,,3.47,,,,,source-data/academic-reports/2023-fall-all-community-grade-report.pdf,No Fall 2023 scorecard exists; GPA and members from the All-Community Grade Report (members enrolled for credit only; no new-member counts)
Fall 2023,IFC,Pi Kappa Phi,65.0,,2.856,,,,,source-data/academic-reports/2023-fall-all-community-grade-report.pdf,No Fall 2023 scorecard exists; GPA and members from the All-Community Grade Report (members enrolled for credit only; no new-member counts)
Fall 2023,IFC,Sigma Alpha Epsilon,128.0,,3.23,,,,,source-data/academic-reports/2023-fall-all-community-grade-report.pdf,No Fall 2023 scorecard exists; GPA and members from the All-Community Grade Report (members enrolled for credit only; no new-member counts)
Fall 2023,IFC,Sigma Alpha Mu,9.0,,2.967,,,,,source-data/academic-reports/2023-fall-all-community-grade-report.pdf,No Fall 2023 scorecard exists; GPA and members from the All-Community Grade Report (members enrolled for credit only; no new-member counts)
Fall 2023,IFC,Sigma Chi,97.0,,3.311,,,,,source-data/academic-reports/2023-fall-all-community-grade-report.pdf,No Fall 2023 scorecard exists; GPA and members from the All-Community Grade Report (members enrolled for credit only; no new-member counts)
Fall 2023,IFC,Sigma Nu,12.0,,3.094,,,,,source-data/academic-reports/2023-fall-all-community-grade-report.pdf,No Fall 2023 scorecard exists; GPA and members from the All-Community Grade Report (members enrolled for credit only; no new-member counts)
Fall 2023,IFC,Sigma Phi Epsilon,157.0,,3.612,,,,,source-data/academic-reports/2023-fall-all-community-grade-report.pdf,No Fall 2023 scorecard exists; GPA and members from the All-Community Grade Report (members enrolled for credit only; no new-member counts)
Fall 2023,IFC,Theta Chi,18.0,,2.746,,,,,source-data/academic-reports/2023-fall-all-community-grade-report.pdf,No Fall 2023 scorecard exists; GPA and members from the All-Community Grade Report (members enrolled for credit only; no new-member counts)
Fall 2023,IFC,Theta Xi,60.0,,2.997,,,,,source-data/academic-reports/2023-fall-all-community-grade-report.pdf,No Fall 2023 scorecard exists; GPA and members from the All-Community Grade Report (members enrolled for credit only; no new-member counts)
Fall 2023,IFC,Triangle,20.0,,2.763,,,,,source-data/academic-reports/2023-fall-all-community-grade-report.pdf,No Fall 2023 scorecard exists; GPA and members from the All-Community Grade Report (members enrolled for credit only; no new-member counts)
Fall 2023,MGC,Delta Phi Lambda,17.0,,3.585,,,,,source-data/academic-reports/2023-fall-all-community-grade-report.pdf,No Fall 2023 scorecard exists; GPA and members from the All-Community Grade Report (members enrolled for credit only; no new-member counts)
Fall 2023,MGC,Delta Xi Nu,16.0,,3.333,,,,,source-data/academic-reports/2023-fall-all-community-grade-report.pdf,No Fall 2023 scorecard exists; GPA and members from the All-Community Grade Report (members enrolled for credit only; no new-member counts)
Fall 2023,MGC,Kappa Delta Chi,19.0,,2.905,,,,,source-data/academic-reports/2023-fall-all-community-grade-report.pdf,No Fall 2023 scorecard exists; GPA and members from the All-Community Grade Report (members enrolled for credit only; no new-member counts)
Fall 2023,MGC,Lambda Phi Epsilon,19.0,,3.008,,,,,source-data/academic-reports/2023-fall-all-community-grade-report.pdf,No Fall 2023 scorecard exists; GPA and members from the All-Community Grade Report (members enrolled for credit only; no new-member counts)
Fall 2023,MGC,Lambda Theta Nu,9.0,,3.253,,,,,source-data/academic-reports/2023-fall-all-community-grade-report.pdf,No Fall 2023 scorecard exists; GPA and members from the All-Community Grade Report (members enrolled for credit only; no new-member counts)
Fall 2023,MGC,Omega Delta Phi,14.0,,2.599,,,,,source-data/academic-reports/2023-fall-all-community-grade-report.pdf,No Fall 2023 scorecard exists; GPA and members from the All-Community Grade Report (members enrolled for credit only; no new-member counts)
Fall 2023,MGC,Sigma Lambda Beta,12.0,,2.454,,,,,source-data/academic-reports/2023-fall-all-community-grade-report.pdf,No Fall 2023 scorecard exists; GPA and members from the All-Community Grade Report (members enrolled for credit only; no new-member counts)
Fall 2023,MGC,Sigma Psi Zeta,12.0,,3.382,,,,,source-data/academic-reports/2023-fall-all-community-grade-report.pdf,No Fall 2023 scorecard exists; GPA and members from the All-Community Grade Report (members enrolled for credit only; no new-member counts)
Fall 2023,NPHC,Delta Sigma Theta,7.0,,3.287,,,,,source-data/academic-reports/2023-fall-all-community-grade-report.pdf,No Fall 2023 scorecard exists; GPA and members from the All-Community Grade Report (members enrolled for credit only; no new-member counts)
Fall 2023,NPHC,Kappa Alpha Psi,7.0,,1.456,,,,,source-data/academic-reports/2023-fall-all-community-grade-report.pdf,No Fall 2023 scorecard exists; GPA and members from the All-Community Grade Report (members enrolled for credit only; no new-member counts)
Fall 2023,NPHC,Omega Psi Phi,5.0,,2.329,,,,,source-data/academic-reports/2023-fall-all-community-grade-report.pdf,No Fall 2023 scorecard exists; GPA and members from the All-Community Grade Report (members enrolled for credit only; no new-member counts)
Fall 2023,PHA,Alpha Chi Omega,170.0,,3.375,,,,,source-data/academic-reports/2023-fall-all-community-grade-report.pdf,No Fall 2023 scorecard exists; GPA and members from the All-Community Grade Report (members enrolled for credit only; no new-member counts)
Fall 2023,PHA,Alpha Omicron Pi,164.0,,3.397,,,,,source-data/academic-reports/2023-fall-all-community-grade-report.pdf,No Fall 2023 scorecard exists; GPA and members from the All-Community Grade Report (members enrolled for credit only; no new-member counts)
Fall 2023,PHA,Alpha Phi,159.0,,3.463,,,,,source-data/academic-reports/2023-fall-all-community-grade-report.pdf,No Fall 2023 scorecard exists; GPA and members from the All-Community Grade Report (members enrolled for credit only; no new-member counts)
Fall 2023,PHA,Alpha Xi Delta,154.0,,3.429,,,,,source-data/academic-reports/2023-fall-all-community-grade-report.pdf,No Fall 2023 scorecard exists; GPA and members from the All-Community Grade Report (members enrolled for credit only; no new-member counts)
Fall 2023,PHA,Chi Omega,165.0,,3.678,,,,,source-data/academic-reports/2023-fall-all-community-grade-report.pdf,No Fall 2023 scorecard exists; GPA and members from the All-Community Grade Report (members enrolled for credit only; no new-member counts)
Fall 2023,PHA,Delta Delta Delta,159.0,,3.282,,,,,source-data/academic-reports/2023-fall-all-community-grade-report.pdf,No Fall 2023 scorecard exists; GPA and members from the All-Community Grade Report (members enrolled for credit only; no new-member counts)
Fall 2023,PHA,Delta Gamma,164.0,,3.514,,,,,source-data/academic-reports/2023-fall-all-community-grade-report.pdf,No Fall 2023 scorecard exists; GPA and members from the All-Community Grade Report (members enrolled for credit only; no new-member counts)
Fall 2023,PHA,Gamma Phi Beta,157.0,,3.541,,,,,source-data/academic-reports/2023-fall-all-community-grade-report.pdf,No Fall 2023 scorecard exists; GPA and members from the All-Community Grade Report (members enrolled for credit only; no new-member counts)
Fall 2023,PHA,Kappa Alpha Theta,157.0,,3.612,,,,,source-data/academic-reports/2023-fall-all-community-grade-report.pdf,No Fall 2023 scorecard exists; GPA and members from the All-Community Grade Report (members enrolled for credit only; no new-member counts)
Fall 2023,PHA,Kappa Delta,156.0,,3.5,,,,,source-data/academic-reports/2023-fall-all-community-grade-report.pdf,No Fall 2023 scorecard exists; GPA and members from the All-Community Grade Report (members enrolled for credit only; no new-member counts)
Fall 2023,PHA,Kappa Kappa Gamma,164.0,,3.491,,,,,source-data/academic-reports/2023-fall-all-community-grade-report.pdf,No Fall 2023 scorecard exists; GPA and members from the All-Community Grade Report (members enrolled for credit only; no new-member counts)
Fall 2023,PHA,Phi Mu,94.0,,3.205,,,,,source-data/academic-reports/2023-fall-all-community-grade-report.pdf,No Fall 2023 scorecard exists; GPA and members from the All-Community Grade Report (members enrolled for credit only; no new-member counts)
Fall 2023,PHA,Pi Alpha Chi,31.0,,3.621,,,,,source-data/academic-reports/2023-fall-all-community-grade-report.pdf,No Fall 2023 scorecard exists; GPA and members from the All-Community Grade Report (members enrolled for credit only; no new-member counts)
Fall 2023,PHA,Pi Beta Phi,167.0,,3.509,,,,,source-data/academic-reports/2023-fall-all-community-grade-report.pdf,No Fall 2023 scorecard exists; GPA and members from the All-Community Grade Report (members enrolled for credit only; no new-member counts)
Fall 2023,PHA,Sigma Alpha,64.0,,3.456,,,,,source-data/academic-reports/2023-fall-all-community-grade-report.pdf,No Fall 2023 scorecard exists; GPA and members from the All-Community Grade Report (members enrolled for credit only; no new-member counts)
Spring 2024,IFC,Acacia,37.0,4.0,3.27,34.0,15.0,,,source-data/community-scorecards/2024-spring-community-scorecard.pdf,
Spring 2024,IFC,Alpha Gamma Rho,101.0,4.0,3.371,22.0,6.0,,,source-data/community-scorecards/2024-spring-community-scorecard.pdf,
Spring 2024,IFC,Alpha Gamma Sigma,90.0,0.0,3.313,31.0,13.0,,,source-data/community-scorecards/2024-spring-community-scorecard.pdf,
Spring 2024,IFC,Alpha Tau Omega,116.0,2.0,3.222,36.0,17.0,,,source-data/community-scorecards/2024-spring-community-scorecard.pdf,
Spring 2024,IFC,Beta Sigma Psi,12.0,1.0,3.079,40.0,19.0,,,source-data/community-scorecards/2024-spring-community-scorecard.pdf,
Spring 2024,IFC,Beta Theta Pi,116.0,0.0,3.524,10.0,3.0,,,source-data/community-scorecards/2024-spring-community-scorecard.pdf,
Spring 2024,IFC,Chi Phi,16.0,2.0,2.985,43.0,21.0,,,source-data/community-scorecards/2024-spring-community-scorecard.pdf,
Spring 2024,IFC,Delta Sigma Phi,15.0,0.0,3.434,18.0,5.0,,,source-data/community-scorecards/2024-spring-community-scorecard.pdf,
Spring 2024,IFC,Delta Tau Delta,104.0,5.0,3.364,23.0,7.0,,,source-data/community-scorecards/2024-spring-community-scorecard.pdf,
Spring 2024,IFC,Delta Upsilon,68.0,3.0,3.31,32.0,14.0,,,source-data/community-scorecards/2024-spring-community-scorecard.pdf,
Spring 2024,IFC,Farmhouse,107.0,1.0,3.656,4.0,1.0,,,source-data/community-scorecards/2024-spring-community-scorecard.pdf,
Spring 2024,IFC,Kappa Sigma,32.0,0.0,2.756,45.0,23.0,,,source-data/community-scorecards/2024-spring-community-scorecard.pdf,
Spring 2024,IFC,Phi Delta Theta,133.0,7.0,3.357,25.0,9.0,,,source-data/community-scorecards/2024-spring-community-scorecard.pdf,
Spring 2024,IFC,Phi Kappa Psi,39.0,3.0,2.99,42.0,20.0,,,source-data/community-scorecards/2024-spring-community-scorecard.pdf,
Spring 2024,IFC,Phi Kappa Theta,80.0,9.0,3.35,27.0,10.0,,,source-data/community-scorecards/2024-spring-community-scorecard.pdf,
Spring 2024,IFC,Pi Kappa Alpha,140.0,18.0,3.485,16.0,4.0,,,source-data/community-scorecards/2024-spring-community-scorecard.pdf,
Spring 2024,IFC,Pi Kappa Phi,61.0,4.0,2.955,44.0,22.0,,,source-data/community-scorecards/2024-spring-community-scorecard.pdf,
Spring 2024,IFC,Sigma Alpha Epsilon,124.0,4.0,3.321,29.0,11.0,,,source-data/community-scorecards/2024-spring-community-scorecard.pdf,
Spring 2024,IFC,Sigma Alpha Mu,13.0,3.0,3.14,37.0,18.0,,,source-data/community-scorecards/2024-spring-community-scorecard.pdf,
Spring 2024,IFC,Sigma Chi,92.0,3.0,3.363,24.0,8.0,,,source-data/community-scorecards/2024-spring-community-scorecard.pdf,
Spring 2024,IFC,Sigma Nu,12.0,0.0,3.234,35.0,16.0,,,source-data/community-scorecards/2024-spring-community-scorecard.pdf,
Spring 2024,IFC,Sigma Phi Epsilon,153.0,0.0,3.637,6.0,2.0,,,source-data/community-scorecards/2024-spring-community-scorecard.pdf,
Spring 2024,IFC,Theta Chi,27.0,13.0,2.668,46.0,24.0,,,source-data/community-scorecards/2024-spring-community-scorecard.pdf,
Spring 2024,IFC,Theta Xi,48.0,5.0,3.321,29.0,11.0,,,source-data/community-scorecards/2024-spring-community-scorecard.pdf,"Chapter records had members 58, GPA 3.346; UNL report used so every house is measured the same way"
Spring 2024,IFC,Triangle,23.0,4.0,2.495,48.0,25.0,,,source-data/community-scorecards/2024-spring-community-scorecard.pdf,
Spring 2024,MGC,Delta Phi Lambda,21.0,0.0,3.602,7.0,2.0,,,source-data/community-scorecards/2024-spring-community-scorecard.pdf,
Spring 2024,MGC,Delta Xi Nu,23.0,0.0,3.431,19.0,3.0,,,source-data/community-scorecards/2024-spring-community-scorecard.pdf,
Spring 2024,MGC,Kappa Delta Chi,24.0,7.0,3.085,39.0,6.0,,,source-data/community-scorecards/2024-spring-community-scorecard.pdf,
Spring 2024,MGC,Lambda Phi Epsilon,19.0,3.0,3.11,38.0,5.0,,,source-data/community-scorecards/2024-spring-community-scorecard.pdf,
Spring 2024,MGC,Lambda Theta Nu,11.0,2.0,3.336,28.0,4.0,,,source-data/community-scorecards/2024-spring-community-scorecard.pdf,
Spring 2024,MGC,Omega Delta Phi,10.0,1.0,2.634,47.0,7.0,,,source-data/community-scorecards/2024-spring-community-scorecard.pdf,
Spring 2024,MGC,Sigma Lambda Beta,10.0,2.0,2.302,49.0,8.0,,,source-data/community-scorecards/2024-spring-community-scorecard.pdf,
Spring 2024,MGC,Sigma Psi Zeta,12.0,0.0,3.65,4.0,1.0,,,source-data/community-scorecards/2024-spring-community-scorecard.pdf,
Spring 2024,NPHC,Delta Sigma Theta,7.0,0.0,3.069,41.0,,,,source-data/community-scorecards/2024-spring-community-scorecard.pdf,council rank printed N/A although GPA and community rank (41) are given; see Kappa Alpha Psi note
Spring 2024,NPHC,Kappa Alpha Psi,4.0,0.0,,,1.0,,,source-data/community-scorecards/2024-spring-community-scorecard.pdf,"GPA not disclosed (N/A; small chapter); PDF shows GPA N/A, council rank 1, community rank N/A; Delta Sigma Theta shows council rank N/A with community rank 41 - the council-rank ""1"" likely belongs to Delta Sigma Theta (recorded as printed)"
Spring 2024,NPHC,Omega Psi Phi,4.0,0.0,,,,,,source-data/community-scorecards/2024-spring-community-scorecard.pdf,GPA not disclosed (N/A; small chapter)
Spring 2024,NPHC,Phi Beta Sigma,1.0,0.0,,,,,,source-data/community-scorecards/2024-spring-community-scorecard.pdf,GPA not disclosed (N/A; small chapter)
Spring 2024,NPHC,Zeta Phi Beta,1.0,0.0,,,,,,source-data/community-scorecards/2024-spring-community-scorecard.pdf,GPA not disclosed (N/A; small chapter)
Spring 2024,PHA,Alpha Chi Omega,173.0,0.0,3.498,19.0,12.0,,,source-data/community-scorecards/2024-spring-community-scorecard.pdf,
Spring 2024,PHA,Alpha Omicron Pi,164.0,9.0,3.352,26.0,14.0,,,source-data/community-scorecards/2024-spring-community-scorecard.pdf,
Spring 2024,PHA,Alpha Phi,170.0,5.0,3.524,10.0,6.0,,,source-data/community-scorecards/2024-spring-community-scorecard.pdf,
Spring 2024,PHA,Alpha Xi Delta,154.0,12.0,3.519,13.0,8.0,,,source-data/community-scorecards/2024-spring-community-scorecard.pdf,
Spring 2024,PHA,Chi Omega,171.0,5.0,3.726,1.0,1.0,,,source-data/community-scorecards/2024-spring-community-scorecard.pdf,
Spring 2024,PHA,Delta Delta Delta,165.0,9.0,3.388,21.0,13.0,,,source-data/community-scorecards/2024-spring-community-scorecard.pdf,
Spring 2024,PHA,Delta Gamma,171.0,5.0,3.516,14.0,9.0,,,source-data/community-scorecards/2024-spring-community-scorecard.pdf,
Spring 2024,PHA,Gamma Phi Beta,171.0,11.0,3.539,9.0,5.0,,,source-data/community-scorecards/2024-spring-community-scorecard.pdf,
Spring 2024,PHA,Kappa Alpha Theta,164.0,2.0,3.676,3.0,3.0,,,source-data/community-scorecards/2024-spring-community-scorecard.pdf,
Spring 2024,PHA,Kappa Delta,159.0,12.0,3.574,8.0,4.0,,,source-data/community-scorecards/2024-spring-community-scorecard.pdf,
Spring 2024,PHA,Kappa Kappa Gamma,168.0,0.0,3.524,10.0,6.0,,,source-data/community-scorecards/2024-spring-community-scorecard.pdf,
Spring 2024,PHA,Phi Mu,93.0,13.0,3.269,33.0,15.0,,,source-data/community-scorecards/2024-spring-community-scorecard.pdf,
Spring 2024,PHA,Pi Alpha Chi,24.0,2.0,3.712,2.0,2.0,,,source-data/community-scorecards/2024-spring-community-scorecard.pdf,
Spring 2024,PHA,Pi Beta Phi,169.0,6.0,3.485,16.0,11.0,,,source-data/community-scorecards/2024-spring-community-scorecard.pdf,
Spring 2024,PHA,Sigma Alpha,58.0,5.0,3.499,15.0,10.0,,,source-data/community-scorecards/2024-spring-community-scorecard.pdf,
Fall 2024,IFC,Acacia,37.0,12.0,3.244,34.0,15.0,1.0,0.86,source-data/community-scorecards/2024-fall-community-scorecard.pdf,
Fall 2024,IFC,Alpha Gamma Rho,107.0,33.0,3.271,21.0,13.0,1.0,1.0,source-data/community-scorecards/2024-fall-community-scorecard.pdf,
Fall 2024,IFC,Alpha Gamma Sigma,96.0,27.0,3.267,33.0,14.0,1.0,0.93,source-data/community-scorecards/2024-fall-community-scorecard.pdf,
Fall 2024,IFC,Alpha Tau Omega,124.0,39.0,3.384,22.0,6.0,0.97,0.91,source-data/community-scorecards/2024-fall-community-scorecard.pdf,
Fall 2024,IFC,Beta Sigma Psi,15.0,4.0,3.35,25.0,8.0,1.0,,source-data/community-scorecards/2024-fall-community-scorecard.pdf,
Fall 2024,IFC,Beta Theta Pi,126.0,34.0,3.623,4.0,3.0,1.0,0.94,source-data/community-scorecards/2024-fall-community-scorecard.pdf,
Fall 2024,IFC,Chi Phi,15.0,2.0,2.78,49.0,25.0,0.87,1.0,source-data/community-scorecards/2024-fall-community-scorecard.pdf,
Fall 2024,IFC,Delta Sigma Phi,9.0,0.0,2.967,42.0,20.0,0.9,,source-data/community-scorecards/2024-fall-community-scorecard.pdf,
Fall 2024,IFC,Delta Tau Delta,121.0,31.0,3.278,31.0,12.0,0.98,0.82,source-data/community-scorecards/2024-fall-community-scorecard.pdf,
Fall 2024,IFC,Delta Upsilon,77.0,29.0,3.327,27.0,10.0,0.94,0.85,source-data/community-scorecards/2024-fall-community-scorecard.pdf,
Fall 2024,IFC,Farmhouse,114.0,33.0,3.707,2.0,1.0,1.0,1.0,source-data/community-scorecards/2024-fall-community-scorecard.pdf,
Fall 2024,IFC,Kappa Sigma,51.0,23.0,2.956,43.0,21.0,0.93,0.7,source-data/community-scorecards/2024-fall-community-scorecard.pdf,
Fall 2024,IFC,Lambda Chi Alpha,24.0,24.0,3.12,38.0,18.0,,0.89,source-data/community-scorecards/2024-fall-community-scorecard.pdf,
Fall 2024,IFC,Phi Delta Theta,155.0,42.0,3.298,30.0,11.0,1.01,0.91,source-data/community-scorecards/2024-fall-community-scorecard.pdf,"Retention of Active Members printed as ""101%"" (>100%, stored as printed)"
Fall 2024,IFC,Phi Kappa Psi,42.0,10.0,3.13,37.0,17.0,0.97,0.77,source-data/community-scorecards/2024-fall-community-scorecard.pdf,
Fall 2024,IFC,Phi Kappa Theta,91.0,33.0,3.474,17.0,5.0,0.97,1.0,source-data/community-scorecards/2024-fall-community-scorecard.pdf,
Fall 2024,IFC,Pi Kappa Alpha,139.0,27.0,3.533,13.0,4.0,0.99,0.84,source-data/community-scorecards/2024-fall-community-scorecard.pdf,
Fall 2024,IFC,Pi Kappa Phi,56.0,11.0,2.789,48.0,24.0,0.9,0.85,source-data/community-scorecards/2024-fall-community-scorecard.pdf,
Fall 2024,IFC,Sigma Alpha Epsilon,132.0,37.0,3.341,26.0,9.0,0.99,0.93,source-data/community-scorecards/2024-fall-community-scorecard.pdf,
Fall 2024,IFC,Sigma Alpha Mu,12.0,0.0,3.082,39.0,19.0,1.0,,source-data/community-scorecards/2024-fall-community-scorecard.pdf,
Fall 2024,IFC,Sigma Chi,111.0,38.0,3.384,22.0,6.0,0.97,0.95,source-data/community-scorecards/2024-fall-community-scorecard.pdf,
Fall 2024,IFC,Sigma Nu,4.0,0.0,,,,1.0,,source-data/community-scorecards/2024-fall-community-scorecard.pdf,GPA not disclosed (N/A; small chapter)
Fall 2024,IFC,Sigma Phi Epsilon,151.0,39.0,3.693,3.0,2.0,1.02,0.98,source-data/community-scorecards/2024-fall-community-scorecard.pdf,"Retention of Active Members printed as ""102%"" (>100%, stored as printed)"
Fall 2024,IFC,Theta Chi,27.0,8.0,2.948,44.0,22.0,0.76,1.0,source-data/community-scorecards/2024-fall-community-scorecard.pdf,
Fall 2024,IFC,Theta Xi,48.0,12.0,3.216,36.0,16.0,0.9,1.0,source-data/community-scorecards/2024-fall-community-scorecard.pdf,
Fall 2024,IFC,Triangle,20.0,5.0,2.862,47.0,23.0,1.0,0.83,source-data/community-scorecards/2024-fall-community-scorecard.pdf,
Fall 2024,MGC,Delta Phi Lambda,22.0,4.0,3.551,11.0,2.0,0.9,0.57,source-data/community-scorecards/2024-fall-community-scorecard.pdf,
Fall 2024,MGC,Delta Xi Nu,13.0,5.0,2.869,46.0,8.0,0.89,1.0,source-data/community-scorecards/2024-fall-community-scorecard.pdf,
Fall 2024,MGC,Kappa Delta Chi,19.0,0.0,3.018,41.0,6.0,1.0,,source-data/community-scorecards/2024-fall-community-scorecard.pdf,
Fall 2024,MGC,Lambda Phi Epsilon,24.0,5.0,3.039,40.0,5.0,1.0,1.0,source-data/community-scorecards/2024-fall-community-scorecard.pdf,
Fall 2024,MGC,Lambda Theta Nu,17.0,9.0,3.323,28.0,3.0,1.0,1.0,source-data/community-scorecards/2024-fall-community-scorecard.pdf,
Fall 2024,MGC,Omega Delta Phi,13.0,4.0,2.731,51.0,9.0,1.0,0.8,source-data/community-scorecards/2024-fall-community-scorecard.pdf,
Fall 2024,MGC,Sigma Lambda Beta,16.0,6.0,2.948,45.0,7.0,0.91,1.0,source-data/community-scorecards/2024-fall-community-scorecard.pdf,
Fall 2024,MGC,Sigma Lambda Gamma,9.0,9.0,3.239,35.0,4.0,,1.0,source-data/community-scorecards/2024-fall-community-scorecard.pdf,
Fall 2024,MGC,Sigma Psi Zeta,13.0,2.0,3.597,7.0,1.0,1.0,0.67,source-data/community-scorecards/2024-fall-community-scorecard.pdf,
Fall 2024,NPHC,Delta Sigma Theta,7.0,4.0,2.76,50.0,1.0,,1.0,source-data/community-scorecards/2024-fall-community-scorecard.pdf,
Fall 2024,NPHC,Kappa Alpha Psi,4.0,0.0,,,,1.0,,source-data/community-scorecards/2024-fall-community-scorecard.pdf,GPA not disclosed (N/A; small chapter)
Fall 2024,NPHC,Omega Psi Phi,1.0,0.0,,,,1.0,,source-data/community-scorecards/2024-fall-community-scorecard.pdf,GPA not disclosed (N/A; small chapter)
Fall 2024,NPHC,Sigma Gamma Rho,4.0,4.0,,,,,1.0,source-data/community-scorecards/2024-fall-community-scorecard.pdf,GPA not disclosed (N/A; small chapter)
Fall 2024,PHA,Alpha Chi Omega,177.0,50.0,3.42,20.0,13.0,0.99,1.0,source-data/community-scorecards/2024-fall-community-scorecard.pdf,
Fall 2024,PHA,Alpha Omega Epsilon,22.0,22.0,3.461,18.0,11.0,,0.88,source-data/community-scorecards/2024-fall-community-scorecard.pdf,
Fall 2024,PHA,Alpha Omicron Pi,168.0,50.0,3.367,24.0,15.0,0.98,0.91,source-data/community-scorecards/2024-fall-community-scorecard.pdf,
Fall 2024,PHA,Alpha Phi,176.0,47.0,3.504,16.0,10.0,1.0,0.98,source-data/community-scorecards/2024-fall-community-scorecard.pdf,
Fall 2024,PHA,Alpha Xi Delta,176.0,67.0,3.437,19.0,12.0,0.98,1.0,source-data/community-scorecards/2024-fall-community-scorecard.pdf,
Fall 2024,PHA,Chi Omega,180.0,48.0,3.738,1.0,1.0,1.0,0.98,source-data/community-scorecards/2024-fall-community-scorecard.pdf,
Fall 2024,PHA,Delta Delta Delta,163.0,58.0,3.309,29.0,16.0,1.0,0.91,source-data/community-scorecards/2024-fall-community-scorecard.pdf,
Fall 2024,PHA,Delta Gamma,175.0,49.0,3.53,14.0,8.0,1.0,0.98,source-data/community-scorecards/2024-fall-community-scorecard.pdf,
Fall 2024,PHA,Gamma Phi Beta,176.0,48.0,3.585,8.0,4.0,0.99,0.98,source-data/community-scorecards/2024-fall-community-scorecard.pdf,
Fall 2024,PHA,Kappa Alpha Theta,164.0,49.0,3.623,4.0,2.0,0.99,0.96,source-data/community-scorecards/2024-fall-community-scorecard.pdf,
Fall 2024,PHA,Kappa Delta,173.0,51.0,3.552,10.0,6.0,0.99,1.0,source-data/community-scorecards/2024-fall-community-scorecard.pdf,
Fall 2024,PHA,Kappa Kappa Gamma,176.0,57.0,3.527,15.0,9.0,0.99,1.0,source-data/community-scorecards/2024-fall-community-scorecard.pdf,
Fall 2024,PHA,Phi Mu,87.0,23.0,3.386,21.0,14.0,0.94,0.79,source-data/community-scorecards/2024-fall-community-scorecard.pdf,
Fall 2024,PHA,Pi Alpha Chi,22.0,5.0,3.622,6.0,3.0,1.0,0.71,source-data/community-scorecards/2024-fall-community-scorecard.pdf,
Fall 2024,PHA,Pi Beta Phi,174.0,48.0,3.561,9.0,5.0,0.98,0.91,source-data/community-scorecards/2024-fall-community-scorecard.pdf,
Fall 2024,PHA,Sigma Alpha,59.0,20.0,3.539,12.0,7.0,0.91,0.91,source-data/community-scorecards/2024-fall-community-scorecard.pdf,
Spring 2025,IFC,Acacia,36.0,3.0,3.344,28.0,11.0,1.0,0.6,source-data/community-scorecards/2025-spring-community-scorecard.csv,
Spring 2025,IFC,Alpha Gamma Rho,101.0,4.0,3.259,36.0,17.0,0.99,1.0,source-data/community-scorecards/2025-spring-community-scorecard.csv,
Spring 2025,IFC,Alpha Gamma Sigma,85.0,0.0,3.458,18.0,5.0,0.92,,source-data/community-scorecards/2025-spring-community-scorecard.csv,
Spring 2025,IFC,Alpha Tau Omega,125.0,4.0,3.37,26.0,10.0,0.98,1.0,source-data/community-scorecards/2025-spring-community-scorecard.csv,
Spring 2025,IFC,Beta Sigma Psi,15.0,1.0,3.313,31.0,14.0,1.0,,source-data/community-scorecards/2025-spring-community-scorecard.csv,
Spring 2025,IFC,Beta Theta Pi,122.0,0.0,3.624,7.0,3.0,0.98,,source-data/community-scorecards/2025-spring-community-scorecard.csv,
Spring 2025,IFC,Chi Phi,14.0,2.0,3.019,45.0,22.0,0.92,1.0,source-data/community-scorecards/2025-spring-community-scorecard.csv,
Spring 2025,IFC,Delta Tau Delta,122.0,8.0,3.3,32.0,15.0,0.98,0.67,source-data/community-scorecards/2025-spring-community-scorecard.csv,
Spring 2025,IFC,Delta Upsilon,81.0,6.0,3.29,34.0,16.0,0.99,1.0,source-data/community-scorecards/2025-spring-community-scorecard.csv,
Spring 2025,IFC,Farmhouse,109.0,4.0,3.722,2.0,1.0,0.99,1.0,source-data/community-scorecards/2025-spring-community-scorecard.csv,
Spring 2025,IFC,Kappa Sigma,58.0,13.0,2.919,48.0,23.0,0.94,0.87,source-data/community-scorecards/2025-spring-community-scorecard.csv,
Spring 2025,IFC,Lambda Chi Alpha,27.0,7.0,3.378,24.0,9.0,0.83,1.0,source-data/community-scorecards/2025-spring-community-scorecard.csv,
Spring 2025,IFC,Phi Delta Theta,142.0,4.0,3.339,29.0,12.0,0.94,0.57,source-data/community-scorecards/2025-spring-community-scorecard.csv,
Spring 2025,IFC,Phi Kappa Psi,46.0,5.0,3.211,39.0,18.0,0.98,0.71,source-data/community-scorecards/2025-spring-community-scorecard.csv,
Spring 2025,IFC,Phi Kappa Theta,88.0,4.0,3.383,23.0,8.0,1.0,0.44,source-data/community-scorecards/2025-spring-community-scorecard.csv,
Spring 2025,IFC,Pi Kappa Alpha,146.0,14.0,3.548,13.0,4.0,0.98,0.74,source-data/community-scorecards/2025-spring-community-scorecard.csv,
Spring 2025,IFC,Pi Kappa Phi,56.0,5.0,2.684,52.0,25.0,0.86,0.83,source-data/community-scorecards/2025-spring-community-scorecard.csv,
Spring 2025,IFC,Sigma Alpha Epsilon,130.0,3.0,3.394,22.0,7.0,0.97,1.0,source-data/community-scorecards/2025-spring-community-scorecard.csv,
Spring 2025,IFC,Sigma Alpha Mu,16.0,3.0,3.207,40.0,19.0,1.0,,source-data/community-scorecards/2025-spring-community-scorecard.csv,
Spring 2025,IFC,Sigma Chi,110.0,6.0,3.433,19.0,6.0,0.94,0.75,source-data/community-scorecards/2025-spring-community-scorecard.csv,
Spring 2025,IFC,Sigma Phi Epsilon,147.0,0.0,3.684,3.0,2.0,0.99,,source-data/community-scorecards/2025-spring-community-scorecard.csv,
Spring 2025,IFC,Theta Chi,34.0,11.0,3.088,42.0,20.0,1.0,1.0,source-data/community-scorecards/2025-spring-community-scorecard.csv,
Spring 2025,IFC,Theta Xi,48.0,3.0,3.053,44.0,21.0,0.98,0.75,source-data/community-scorecards/2025-spring-community-scorecard.csv,
Spring 2025,IFC,Triangle,24.0,5.0,2.706,51.0,24.0,0.95,1.0,source-data/community-scorecards/2025-spring-community-scorecard.csv,
Spring 2025,MGC,"Delta Phi Lambda Sorority, Inc.",20.0,3.0,3.294,33.0,4.0,1.0,1.0,source-data/community-scorecards/2025-spring-community-scorecard.csv,
Spring 2025,MGC,"Delta Xi Nu Multicultural Sorority, Inc.",13.0,1.0,3.267,35.0,5.0,0.8,0.33,source-data/community-scorecards/2025-spring-community-scorecard.csv,
Spring 2025,MGC,"Kappa Delta Chi Sorority, Inc.",27.0,7.0,2.974,46.0,7.0,1.0,0.88,source-data/community-scorecards/2025-spring-community-scorecard.csv,
Spring 2025,MGC,"Lambda Phi Epsilon International Fraternity, Inc.",21.0,3.0,3.159,41.0,6.0,1.0,1.0,source-data/community-scorecards/2025-spring-community-scorecard.csv,
Spring 2025,MGC,"Lambda Theta Nu Sorority, Inc.",16.0,1.0,2.863,49.0,8.0,1.0,1.0,source-data/community-scorecards/2025-spring-community-scorecard.csv,
Spring 2025,MGC,"Omega Delta Phi Fraternity, Inc.",11.0,3.0,2.707,50.0,9.0,1.0,0.6,source-data/community-scorecards/2025-spring-community-scorecard.csv,
Spring 2025,MGC,"Sigma Lambda Beta International Fraternity, Inc.",15.0,0.0,3.42,21.0,3.0,0.88,,source-data/community-scorecards/2025-spring-community-scorecard.csv,
Spring 2025,MGC,"Sigma Lambda Gamma National Sorority, Inc.",10.0,1.0,3.427,20.0,2.0,1.0,1.0,source-data/community-scorecards/2025-spring-community-scorecard.csv,
Spring 2025,MGC,"Sigma Psi Zeta Sorority, Inc.",15.0,2.0,3.462,17.0,1.0,1.0,1.0,source-data/community-scorecards/2025-spring-community-scorecard.csv,
Spring 2025,NPHC,"Delta Sigma Theta Sorority, Inc.",7.0,1.0,3.08,43.0,1.0,1.0,1.0,source-data/community-scorecards/2025-spring-community-scorecard.csv,
Spring 2025,NPHC,"Kappa Alpha Psi Fraternity, Inc.",7.0,3.0,2.955,47.0,2.0,1.0,1.0,source-data/community-scorecards/2025-spring-community-scorecard.csv,
Spring 2025,NPHC,"Sigma Gamma Rho Sorority, Inc.",4.0,0.0,,,,1.0,,source-data/community-scorecards/2025-spring-community-scorecard.csv,
Spring 2025,NPHC,"Zeta Phi Beta Sorority, Inc.",2.0,2.0,,,,,1.0,source-data/community-scorecards/2025-spring-community-scorecard.csv,
Spring 2025,PHA,Alpha Chi Omega,174.0,9.0,3.492,14.0,10.0,0.98,1.0,source-data/community-scorecards/2025-spring-community-scorecard.csv,
Spring 2025,PHA,Alpha Omega Epsilon,36.0,15.0,3.24,38.0,16.0,1.0,1.0,source-data/community-scorecards/2025-spring-community-scorecard.csv,
Spring 2025,PHA,Alpha Omicron Pi,165.0,13.0,3.367,27.0,14.0,0.94,0.93,source-data/community-scorecards/2025-spring-community-scorecard.csv,
Spring 2025,PHA,Alpha Phi,176.0,7.0,3.604,8.0,5.0,0.98,1.0,source-data/community-scorecards/2025-spring-community-scorecard.csv,
Spring 2025,PHA,Alpha Xi Delta,169.0,11.0,3.477,16.0,12.0,0.98,1.0,source-data/community-scorecards/2025-spring-community-scorecard.csv,
Spring 2025,PHA,Chi Omega,176.0,3.0,3.784,1.0,1.0,0.98,1.0,source-data/community-scorecards/2025-spring-community-scorecard.csv,
Spring 2025,PHA,Delta Delta Delta,155.0,17.0,3.376,25.0,13.0,0.93,1.0,source-data/community-scorecards/2025-spring-community-scorecard.csv,
Spring 2025,PHA,Delta Gamma,176.0,5.0,3.577,10.0,7.0,1.0,1.0,source-data/community-scorecards/2025-spring-community-scorecard.csv,
Spring 2025,PHA,Gamma Phi Beta,172.0,7.0,3.668,4.0,2.0,0.98,1.0,source-data/community-scorecards/2025-spring-community-scorecard.csv,
Spring 2025,PHA,Kappa Alpha Theta,159.0,0.0,3.666,5.0,3.0,1.0,,source-data/community-scorecards/2025-spring-community-scorecard.csv,
Spring 2025,PHA,Kappa Delta,174.0,9.0,3.648,6.0,4.0,0.99,1.0,source-data/community-scorecards/2025-spring-community-scorecard.csv,
Spring 2025,PHA,Kappa Kappa Gamma,172.0,0.0,3.584,9.0,6.0,0.99,,source-data/community-scorecards/2025-spring-community-scorecard.csv,
Spring 2025,PHA,Phi Mu,87.0,9.0,3.241,37.0,15.0,0.98,1.0,source-data/community-scorecards/2025-spring-community-scorecard.csv,
Spring 2025,PHA,Pi Alpha Chi,22.0,0.0,3.568,11.0,8.0,1.0,,source-data/community-scorecards/2025-spring-community-scorecard.csv,
Spring 2025,PHA,Pi Beta Phi,174.0,13.0,3.554,12.0,9.0,0.99,1.0,source-data/community-scorecards/2025-spring-community-scorecard.csv,
Spring 2025,PHA,Sigma Alpha,68.0,13.0,3.492,14.0,10.0,1.0,1.0,source-data/community-scorecards/2025-spring-community-scorecard.csv,
Fall 2025,IFC,Acacia,34.0,5.0,3.314,29.0,10.0,1.0,0.45,source-data/community-scorecards/2025-fall-community-scorecard.csv,
Fall 2025,IFC,Alpha Gamma Rho,95.0,25.0,3.444,20.0,7.0,0.99,0.96,source-data/community-scorecards/2025-fall-community-scorecard.csv,
Fall 2025,IFC,Alpha Gamma Sigma,94.0,37.0,3.447,19.0,6.0,0.75,0.88,source-data/community-scorecards/2025-fall-community-scorecard.csv,
Fall 2025,IFC,Alpha Tau Omega,142.0,36.0,3.383,26.0,8.0,0.96,0.88,source-data/community-scorecards/2025-fall-community-scorecard.csv,
Fall 2025,IFC,Beta Sigma Psi,15.0,3.0,3.309,30.0,11.0,1.0,1.0,source-data/community-scorecards/2025-fall-community-scorecard.csv,
Fall 2025,IFC,Beta Theta Pi,128.0,34.0,3.65,4.0,2.0,1.0,0.97,source-data/community-scorecards/2025-fall-community-scorecard.csv,
Fall 2025,IFC,Chi Phi,13.0,3.0,2.903,45.0,22.0,0.91,1.0,source-data/community-scorecards/2025-fall-community-scorecard.csv,
Fall 2025,IFC,Delta Tau Delta,128.0,29.0,3.243,34.0,14.0,0.93,0.67,source-data/community-scorecards/2025-fall-community-scorecard.csv,
Fall 2025,IFC,Delta Upsilon,87.0,26.0,3.134,38.0,16.0,0.97,0.9,source-data/community-scorecards/2025-fall-community-scorecard.csv,
Fall 2025,IFC,Farmhouse,113.0,28.0,3.653,3.0,1.0,1.0,1.0,source-data/community-scorecards/2025-fall-community-scorecard.csv,
Fall 2025,IFC,Kappa Sigma,74.0,23.0,2.671,51.0,25.0,1.02,0.82,source-data/community-scorecards/2025-fall-community-scorecard.csv,
Fall 2025,IFC,Lambda Chi Alpha,38.0,13.0,3.052,41.0,18.0,0.96,0.68,source-data/community-scorecards/2025-fall-community-scorecard.csv,
Fall 2025,IFC,Phi Delta Theta,138.0,34.0,3.191,37.0,15.0,0.95,0.83,source-data/community-scorecards/2025-fall-community-scorecard.csv,
Fall 2025,IFC,Phi Gamma Delta,15.0,15.0,3.101,39.0,17.0,,0.94,source-data/community-scorecards/2025-fall-community-scorecard.csv,
Fall 2025,IFC,Phi Kappa Psi,42.0,6.0,2.929,43.0,20.0,0.97,0.6,source-data/community-scorecards/2025-fall-community-scorecard.csv,
Fall 2025,IFC,Phi Kappa Theta,95.0,31.0,3.458,18.0,5.0,1.0,1.0,source-data/community-scorecards/2025-fall-community-scorecard.csv,
Fall 2025,IFC,Pi Kappa Alpha,153.0,38.0,3.556,13.0,4.0,0.99,0.83,source-data/community-scorecards/2025-fall-community-scorecard.csv,
Fall 2025,IFC,Pi Kappa Phi,36.0,7.0,2.844,47.0,23.0,0.88,1.0,source-data/community-scorecards/2025-fall-community-scorecard.csv,
Fall 2025,IFC,Sigma Alpha Epsilon,146.0,41.0,3.286,32.0,13.0,0.99,0.98,source-data/community-scorecards/2025-fall-community-scorecard.csv,
Fall 2025,IFC,Sigma Alpha Mu,12.0,2.0,3.332,28.0,9.0,0.91,1.0,source-data/community-scorecards/2025-fall-community-scorecard.csv,
Fall 2025,IFC,Sigma Chi,120.0,41.0,3.288,31.0,12.0,1.0,0.95,source-data/community-scorecards/2025-fall-community-scorecard.csv,
Fall 2025,IFC,Sigma Phi Epsilon,160.0,45.0,3.606,6.0,3.0,0.98,0.98,source-data/community-scorecards/2025-fall-community-scorecard.csv,
Fall 2025,IFC,Theta Chi,33.0,9.0,2.922,44.0,21.0,0.86,0.9,source-data/community-scorecards/2025-fall-community-scorecard.csv,
Fall 2025,IFC,Theta Xi,44.0,12.0,3.033,42.0,19.0,0.94,0.92,source-data/community-scorecards/2025-fall-community-scorecard.csv,
Fall 2025,IFC,Triangle,25.0,8.0,2.782,48.0,24.0,0.94,1.0,source-data/community-scorecards/2025-fall-community-scorecard.csv,
Fall 2025,MGC,"Delta Phi Lambda Sorority, Inc.",16.0,2.0,2.862,46.0,7.0,0.88,0.67,source-data/community-scorecards/2025-fall-community-scorecard.csv,
Fall 2025,MGC,"Delta Xi Nu Multicultural Sorority, Inc.",14.0,2.0,3.217,36.0,5.0,0.92,1.0,source-data/community-scorecards/2025-fall-community-scorecard.csv,
Fall 2025,MGC,"Kappa Delta Chi Sorority, Inc.",19.0,7.0,3.273,33.0,4.0,0.86,1.0,source-data/community-scorecards/2025-fall-community-scorecard.csv,
Fall 2025,MGC,"Lambda Phi Epsilon International Fraternity, Inc.",24.0,4.0,3.427,21.0,3.0,1.0,0.8,source-data/community-scorecards/2025-fall-community-scorecard.csv,
Fall 2025,MGC,"Lambda Theta Nu Sorority, Inc.",21.0,6.0,3.075,40.0,6.0,1.15,0.67,source-data/community-scorecards/2025-fall-community-scorecard.csv,
Fall 2025,MGC,"Omega Delta Phi Fraternity, Inc.",7.0,0.0,2.744,50.0,9.0,1.0,0.0,source-data/community-scorecards/2025-fall-community-scorecard.csv,
Fall 2025,MGC,"Sigma Lambda Beta International Fraternity, Inc.",18.0,3.0,2.752,49.0,8.0,1.0,1.0,source-data/community-scorecards/2025-fall-community-scorecard.csv,
Fall 2025,MGC,"Sigma Lambda Gamma National Sorority, Inc.",17.0,7.0,3.515,15.0,2.0,1.0,1.0,source-data/community-scorecards/2025-fall-community-scorecard.csv,
Fall 2025,MGC,"Sigma Psi Zeta Sorority, Inc.",6.0,0.0,3.569,11.0,1.0,0.86,,source-data/community-scorecards/2025-fall-community-scorecard.csv,
Fall 2025,NPHC,"Delta Sigma Theta Sorority, Inc.",5.0,0.0,3.401,24.0,1.0,1.0,,source-data/community-scorecards/2025-fall-community-scorecard.csv,
Fall 2025,NPHC,"Kappa Alpha Psi Fraternity, Inc.",3.0,0.0,,,,1.0,,source-data/community-scorecards/2025-fall-community-scorecard.csv,
Fall 2025,NPHC,"Sigma Gamma Rho Sorority, Inc.",3.0,0.0,,,,1.0,,source-data/community-scorecards/2025-fall-community-scorecard.csv,
Fall 2025,NPHC,"Zeta Phi Beta Sorority, Inc.",2.0,0.0,,,,1.0,,source-data/community-scorecards/2025-fall-community-scorecard.csv,
Fall 2025,PHA,Alpha Chi Omega,192.0,66.0,3.353,27.0,15.0,0.98,0.94,source-data/community-scorecards/2025-fall-community-scorecard.csv,
Fall 2025,PHA,Alpha Omega Epsilon,43.0,9.0,3.416,23.0,13.0,0.97,0.69,source-data/community-scorecards/2025-fall-community-scorecard.csv,
Fall 2025,PHA,Alpha Omicron Pi,180.0,67.0,3.387,25.0,14.0,0.99,0.92,source-data/community-scorecards/2025-fall-community-scorecard.csv,
Fall 2025,PHA,Alpha Phi,199.0,58.0,3.582,10.0,7.0,0.99,0.95,source-data/community-scorecards/2025-fall-community-scorecard.csv,
Fall 2025,PHA,Alpha Xi Delta,191.0,54.0,3.426,22.0,12.0,0.97,0.9,source-data/community-scorecards/2025-fall-community-scorecard.csv,
Fall 2025,PHA,Chi Omega,192.0,66.0,3.758,1.0,1.0,0.98,1.0,source-data/community-scorecards/2025-fall-community-scorecard.csv,
Fall 2025,PHA,Delta Delta Delta,180.0,88.0,3.224,35.0,16.0,0.99,0.91,source-data/community-scorecards/2025-fall-community-scorecard.csv,
Fall 2025,PHA,Delta Gamma,192.0,61.0,3.613,5.0,3.0,0.98,1.0,source-data/community-scorecards/2025-fall-community-scorecard.csv,
Fall 2025,PHA,Gamma Phi Beta,191.0,70.0,3.67,2.0,2.0,1.0,0.95,source-data/community-scorecards/2025-fall-community-scorecard.csv,
Fall 2025,PHA,Kappa Alpha Theta,183.0,56.0,3.59,9.0,6.0,0.99,0.98,source-data/community-scorecards/2025-fall-community-scorecard.csv,
Fall 2025,PHA,Kappa Delta,185.0,57.0,3.593,8.0,5.0,0.98,0.88,source-data/community-scorecards/2025-fall-community-scorecard.csv,
Fall 2025,PHA,Kappa Kappa Gamma,187.0,61.0,3.598,7.0,4.0,0.93,0.97,source-data/community-scorecards/2025-fall-community-scorecard.csv,
Fall 2025,PHA,Phi Mu,60.0,14.0,3.462,17.0,11.0,0.94,0.93,source-data/community-scorecards/2025-fall-community-scorecard.csv,
Fall 2025,PHA,Pi Alpha Chi,23.0,9.0,3.544,14.0,9.0,1.0,1.0,source-data/community-scorecards/2025-fall-community-scorecard.csv,
Fall 2025,PHA,Pi Beta Phi,198.0,60.0,3.567,12.0,8.0,1.0,0.92,source-data/community-scorecards/2025-fall-community-scorecard.csv,
Fall 2025,PHA,Sigma Alpha,68.0,21.0,3.512,15.0,10.0,0.89,1.0,source-data/community-scorecards/2025-fall-community-scorecard.csv,
Spring 2026,IFC,Acacia,33.0,1.0,3.121,39.0,18.0,0.94,0.5,source-data/community-scorecards/2026-spring-community-scorecard.csv,
Spring 2026,IFC,Alpha Gamma Rho,92.0,2.0,3.421,22.0,10.0,0.99,1.0,source-data/community-scorecards/2026-spring-community-scorecard.csv,
Spring 2026,IFC,Alpha Gamma Sigma,88.0,4.0,3.454,20.0,8.0,0.92,1.0,source-data/community-scorecards/2026-spring-community-scorecard.csv,
Spring 2026,IFC,Alpha Tau Omega,142.0,4.0,3.296,31.0,14.0,0.97,1.0,source-data/community-scorecards/2026-spring-community-scorecard.csv,
Spring 2026,IFC,Beta Sigma Psi,15.0,0.0,3.494,16.0,6.0,1.0,,source-data/community-scorecards/2026-spring-community-scorecard.csv,
Spring 2026,IFC,Beta Theta Pi,119.0,0.0,3.607,5.0,3.0,0.97,,source-data/community-scorecards/2026-spring-community-scorecard.csv,
Spring 2026,IFC,Chi Phi,15.0,4.0,2.687,48.0,23.0,0.85,1.0,source-data/community-scorecards/2026-spring-community-scorecard.csv,
Spring 2026,IFC,Delta Upsilon,78.0,4.0,3.195,37.0,16.0,0.9,0.8,source-data/community-scorecards/2026-spring-community-scorecard.csv,
Spring 2026,IFC,Farmhouse,109.0,2.0,3.683,2.0,1.0,1.0,0.67,source-data/community-scorecards/2026-spring-community-scorecard.csv,
Spring 2026,IFC,Kappa Sigma,67.0,8.0,3.041,43.0,20.0,0.73,1.0,source-data/community-scorecards/2026-spring-community-scorecard.csv,
Spring 2026,IFC,Lambda Chi Alpha,37.0,4.0,3.216,36.0,15.0,0.94,1.0,source-data/community-scorecards/2026-spring-community-scorecard.csv,
Spring 2026,IFC,Phi Delta Theta,127.0,10.0,3.427,21.0,9.0,0.87,0.83,source-data/community-scorecards/2026-spring-community-scorecard.csv,
Spring 2026,IFC,Phi Gamma Delta,14.0,2.0,3.509,15.0,5.0,0.92,0.67,source-data/community-scorecards/2026-spring-community-scorecard.csv,
Spring 2026,IFC,Phi Kappa Psi,39.0,2.0,2.876,45.0,21.0,0.95,1.0,source-data/community-scorecards/2026-spring-community-scorecard.csv,
Spring 2026,IFC,Phi Kappa Theta,95.0,5.0,3.351,28.0,12.0,0.99,0.83,source-data/community-scorecards/2026-spring-community-scorecard.csv,
Spring 2026,IFC,Pi Kappa Alpha,165.0,18.0,3.577,9.0,4.0,1.0,0.86,source-data/community-scorecards/2026-spring-community-scorecard.csv,
Spring 2026,IFC,Sigma Alpha Epsilon,142.0,1.0,3.299,30.0,13.0,0.99,1.0,source-data/community-scorecards/2026-spring-community-scorecard.csv,
Spring 2026,IFC,Sigma Alpha Mu,9.0,1.0,3.376,27.0,11.0,0.73,1.0,source-data/community-scorecards/2026-spring-community-scorecard.csv,
Spring 2026,IFC,Sigma Chi,112.0,3.0,3.464,19.0,7.0,0.95,1.0,source-data/community-scorecards/2026-spring-community-scorecard.csv,
Spring 2026,IFC,Sigma Phi Epsilon,155.0,1.0,3.664,4.0,2.0,0.98,1.0,source-data/community-scorecards/2026-spring-community-scorecard.csv,
Spring 2026,IFC,Theta Chi,32.0,6.0,2.807,46.0,22.0,0.79,1.0,source-data/community-scorecards/2026-spring-community-scorecard.csv,
Spring 2026,IFC,Theta Xi,43.0,6.0,3.163,38.0,17.0,0.95,1.0,source-data/community-scorecards/2026-spring-community-scorecard.csv,
Spring 2026,IFC,Triangle,28.0,7.0,3.058,41.0,19.0,0.91,1.0,source-data/community-scorecards/2026-spring-community-scorecard.csv,
Spring 2026,MGC,"Delta Phi Lambda Sorority, Inc.",13.0,0.0,3.317,29.0,3.0,0.87,,source-data/community-scorecards/2026-spring-community-scorecard.csv,
Spring 2026,MGC,"Delta Xi Nu Multicultural Sorority, Inc.",14.0,1.0,3.236,35.0,5.0,1.0,0.25,source-data/community-scorecards/2026-spring-community-scorecard.csv,
Spring 2026,MGC,"Kappa Delta Chi Sorority, Inc.",25.0,2.0,3.056,42.0,7.0,1.0,0.67,source-data/community-scorecards/2026-spring-community-scorecard.csv,
Spring 2026,MGC,"Lambda Phi Epsilon International Fraternity, Inc.",25.0,3.0,3.281,32.0,4.0,1.0,1.0,source-data/community-scorecards/2026-spring-community-scorecard.csv,
Spring 2026,MGC,"Lambda Theta Nu Sorority, Inc.",20.0,5.0,2.946,44.0,8.0,0.88,1.0,source-data/community-scorecards/2026-spring-community-scorecard.csv,
Spring 2026,MGC,"Omega Delta Phi Fraternity, Inc.",7.0,1.0,3.102,40.0,6.0,0.86,1.0,source-data/community-scorecards/2026-spring-community-scorecard.csv,
Spring 2026,MGC,"Sigma Lambda Beta International Fraternity, Inc.",12.0,0.0,2.712,47.0,9.0,0.92,0.0,source-data/community-scorecards/2026-spring-community-scorecard.csv,
Spring 2026,MGC,"Sigma Lambda Gamma National Sorority, Inc.",16.0,0.0,3.467,18.0,1.0,0.94,,source-data/community-scorecards/2026-spring-community-scorecard.csv,
Spring 2026,MGC,"Sigma Psi Zeta Sorority, Inc.",7.0,2.0,3.401,23.0,2.0,1.0,0.5,source-data/community-scorecards/2026-spring-community-scorecard.csv,
Spring 2026,NPHC,"Delta Sigma Theta Sorority, Inc.",8.0,4.0,3.24,34.0,1.0,1.0,1.0,source-data/community-scorecards/2026-spring-community-scorecard.csv,
Spring 2026,NPHC,"Kappa Alpha Psi Fraternity, Inc.",3.0,0.0,,,,1.0,,source-data/community-scorecards/2026-spring-community-scorecard.csv,
Spring 2026,NPHC,"Omega Psi Phi Fraternity, Inc.",2.0,2.0,,,,,0.67,source-data/community-scorecards/2026-spring-community-scorecard.csv,
Spring 2026,NPHC,"Sigma Gamma Rho Sorority, Inc.",2.0,0.0,,,,1.0,,source-data/community-scorecards/2026-spring-community-scorecard.csv,
Spring 2026,NPHC,"Zeta Phi Beta Sorority, Inc.",4.0,2.0,,,,1.0,1.0,source-data/community-scorecards/2026-spring-community-scorecard.csv,
Spring 2026,PHA,Alpha Chi Omega,183.0,0.0,3.479,17.0,11.0,0.96,,source-data/community-scorecards/2026-spring-community-scorecard.csv,
Spring 2026,PHA,Alpha Omega Epsilon,44.0,11.0,3.39,24.0,12.0,0.97,1.0,source-data/community-scorecards/2026-spring-community-scorecard.csv,
Spring 2026,PHA,Alpha Omicron Pi,180.0,11.0,3.384,26.0,14.0,0.98,1.0,source-data/community-scorecards/2026-spring-community-scorecard.csv,
Spring 2026,PHA,Alpha Phi,201.0,0.0,3.555,11.0,7.0,1.0,,source-data/community-scorecards/2026-spring-community-scorecard.csv,
Spring 2026,PHA,Alpha Xi Delta,184.0,0.0,3.532,14.0,10.0,0.98,,source-data/community-scorecards/2026-spring-community-scorecard.csv,
Spring 2026,PHA,Chi Omega,190.0,0.0,3.745,1.0,1.0,1.0,,source-data/community-scorecards/2026-spring-community-scorecard.csv,
Spring 2026,PHA,Delta Delta Delta,175.0,11.0,3.262,33.0,15.0,0.97,0.92,source-data/community-scorecards/2026-spring-community-scorecard.csv,
Spring 2026,PHA,Delta Gamma,189.0,1.0,3.533,13.0,9.0,1.0,1.0,source-data/community-scorecards/2026-spring-community-scorecard.csv,
Spring 2026,PHA,Gamma Phi Beta,182.0,0.0,3.673,3.0,2.0,0.99,,source-data/community-scorecards/2026-spring-community-scorecard.csv,
Spring 2026,PHA,Kappa Alpha Theta,180.0,5.0,3.589,7.0,4.0,0.98,1.0,source-data/community-scorecards/2026-spring-community-scorecard.csv,
Spring 2026,PHA,Kappa Delta,179.0,7.0,3.584,8.0,5.0,0.97,0.88,source-data/community-scorecards/2026-spring-community-scorecard.csv,
Spring 2026,PHA,Kappa Kappa Gamma,182.0,6.0,3.544,12.0,8.0,0.98,0.86,source-data/community-scorecards/2026-spring-community-scorecard.csv,
Spring 2026,PHA,Pi Alpha Chi,25.0,2.0,3.605,6.0,3.0,0.96,0.67,source-data/community-scorecards/2026-spring-community-scorecard.csv,
Spring 2026,PHA,Pi Beta Phi,187.0,0.0,3.575,10.0,6.0,0.98,,source-data/community-scorecards/2026-spring-community-scorecard.csv,
Spring 2026,PHA,Sigma Alpha,60.0,5.0,3.387,25.0,13.0,1.0,1.0,source-data/community-scorecards/2026-spring-community-scorecard.csv,
